HAVNE_ID;NAVN;ERHVERVSHAVN;LYSTBAADEHAVN;PLAN;PLAN2;PLAN3;PLAN_OPDATERET;PLAN2_OPDATERET;PLAN3_OPDATERET;FOTO1;FOTOTEKST1;OPR1;FOTOGRAFNAVN1;FOTO2;FOTOTEKST2;OPR2;FOTOGRAFNAVN2;FOTO3;FOTOTEKST3;OPR3;FOTOGRAFNAVN3;FOTO4;FOTOTEKST4;OPR4;FOTOGRAFNAVN4;FOTO5;FOTOTEKST5;OPR5;FOTOGRAFNAVN5;FOTO6;FOTOTEKST6;OPR6;FOTOGRAFNAVN6;FOTO7;FOTOTEKST7;OPR7;FOTOGRAFNAVN7;FOTO8;FOTOTEKST8;OPR8;FOTOGRAFNAVN8;BREDDE;LAENGDE;X;Y
803;Anholt Havn;-1;-1;NKTANHOL;;;feb 28, 2020 12:00:00 AM;;;NKTANHOL1;;maj 1997;Jørgen Schou Reklamefotografi, Odense;;;;;;;;;;;;;;;;;;;;;;;;;;;;;56°42,9'N;011°30,6'E;653590;6288440
804;Asaa Havn;0;-1;NK_ASAAX;;;maj 29, 2020 12:00:00 AM;;;NK_ASAAX1;;juni 2016;JW Luftfoto;;;;;;;;;;;;;;;;;;;;;;;;;;;;;57°08,6'N;010°25,7'E;586406;6334301
805;Mellerup Færgeleje;0;0;;;;;;;NK_MERPF1;;august 2015;JW Luftfoto;NK_MERPF2;;august 2015;JW Luftfoto;;;;;;;;;;;;;;;;;;;;;;;;;56°31,2'N;010°13,5'E;575327;6264688
641;Marselisborg Lystbådehavn;0;-1;SK_MASBG;;;aug 10, 2018 12:00:00 AM;;;SK_MASBG1;;august 2009;Arne Magnussen, Helsingør;;;;;;;;;;;;;;;;;;;;;;;;;;;;;56°08,3'N;010°13,0'E;575542;6222072
643;Middelfart Gammel Havn;-1;-1;SKTMIDFA;;;jun 22, 2018 12:00:00 AM;;;SKTMIDFA1;Havnen set fra W;august 2004;Arne Magnussen, Helsingør;SKTMIDFA2;E-lige del af havnen samt NyHavn 1 og 2;august 2004;Arne Magnussen, Helsingør;SKTMIDFA3;NyHavn 1 og NyHavn 2;august 2018;Luftfoto Danmark ApS;;;;;;;;;;;;;;;;;;;;;55°30,5'N;009°43,7'E;545793;6151569
608;Holbæk Havn;-1;-1;SKTHOLBK;;;jan 25, 2019 12:00:00 AM;;;SKTHOLBK1;;juli 2008;Arne Magnussen, Helsingør;SKTHOLBK2;Gamle Havn;juli 2013;Arne Magnussen, Helsingør;;;;;;;;;;;;;;;;;;;;;;;;;55°43,3'N;011°43,4'E;670677;6178487
603;Nordhammer Havn;0;-1;SK_HAMRA;;;nov 30, 2018 12:00:00 AM;;;SK_HAMRA1;;august 2019;Luftfoto Danmark ApS;SK_HAMRA2;;august 2019;Luftfoto Danmark ApS;SK_HAMRA3;Nordhammer Havn (th) og Hammer Bakke Færgebro (tv);august 2019;Luftfoto Danmark ApS;;;;;;;;;;;;;;;;;;;;;55°45,4'N;011°51,0'E;678890;6182689
604;Hammer Bakke Færgebro;0;0;;;;;;;SK_HAMRB1;Færgebro og Nordhammer Havn i baggrunden.;august 2019;Luftfoto Danmark ApS;SK_HAMRB2;;august 2019;Luftfoto Danmark ApS;SK_HAMRB3;Hammer Bakke Færgebro (tv) og Orø Færgebro (th), set fra NE.;august 2019;Luftfoto Danmark ApS;;;;;;;;;;;;;;;;;;;;;55°45,4'N;011°50,8'E;678587;6182575
605;Havnsø Havn;-1;-1;SKTHVNSO;;;nov 02, 2018 12:00:00 AM;;;SKTHVNSO1;;juli 2011;Arne Magnussen, Helsingør;;;;;;;;;;;;;;;;;;;;;;;;;;;;;55°45,3'N;011°19,4'E;645945;6181220
606;Herslev Havn;0;-1;SK_HERSL;;;maj 12, 2017 12:00:00 AM;;;SK_HERSL1;;august 2019;Luftfoto Danmark ApS;SK_HERSL2;;august 2019;Luftfoto Danmark ApS;SK_HERSL3;;august 2019;Luftfoto Danmark ApS;;;;;;;;;;;;;;;;;;;;;55°40,7'N;011°59,3'E;687882;6174283
607;Hjarnø Havn;0;-1;SK_HJABR;;;dec 07, 2018 12:00:00 AM;;;SK_HJABR1;;juli 2010;Arne Magnussen, Helsingør;;;;;;;;;;;;;;;;;;;;;;;;;;;;;55°49,3'N;010°03,8'E;566641;6186836
600;Glatved Lasteanlæg;-1;0;;;;;;;SKTGLATV1;;september 2016;JW Luftfoto;;;;;;;;;;;;;;;;;;;;;;;;;;;;;56°18,0'N;010°51,9'E;615506;6241041
601;Grenaa Havn;-1;0;SKTGRENA;;;maj 08, 2020 12:00:00 AM;;;SKTGRENA1;;august 2017;JW Luftfoto;SKTGRENA2;;august 2017;JW Luftfoto;;;;;;;;;;;;;;;;;;;;;;;;;56°24,4'N;010°55,5'E;619271;6254132
602;Grenaa Lystbådehavn;0;-1;SK_GRENL;;;jan 24, 2020 12:00:00 AM;;;SK_GRENL1;;juli 2006;Arne Magnussen, Helsingør;;;;;;;;;;;;;;;;;;;;;;;;;;;;;56°24,4'N;010°55,5'E;618730;6252650
597;Frederiksværk Stålvalseværks Havn;-1;0;SKTFRDVK;ERTFRDVK;;nov 24, 2017 12:00:00 AM;apr 27, 2005 12:00:00 AM;;SKTFRDVK1;;august 2019;Luftfoto Danmark ApS;SKTFRDVK2;;august 2019;Luftfoto Danmark ApS;SKTFRDVK3;;august 2019;Luftfoto Danmark ApS;;;;;;;;;;;;;;;;;;;;;55°57,7'N;012°00,8'E;688030;6205900
598;Gershøj Havn;0;-1;SK_GERHJ;;;jul 20, 2018 12:00:00 AM;;;SK_GERHJ1;;august 2019;Luftfoto Danmark ApS;SK_GERHJ2;;august 2019;Luftfoto Danmark ApS;;;;;;;;;;;;;;;;;;;;;;;;;55°43,0'N;011°58,8'E;687214;6178546
599;Gisseløre Lystbådehavn;0;-1;SK_GSLOR;;;apr 16, 2003 12:00:00 AM;;;SK_GSLOR1;;august 2019;Luftfoto Danmark ApS;SK_GSLOR2;;august 2019;Luftfoto Danmark ApS;SK_GSLOR3;;august 2019;Luftfoto Danmark ApS;;;;;;;;;;;;;;;;;;;;;55°40,6'N;011°04,4'E;630415;6172161
593;Fredericia Lystbådehavn;0;-1;SK_FRDCL;;;maj 26, 2016 12:00:00 AM;;;SK_FRDCL1;;august 2018;Luftfoto Danmark ApS;;;;;;;;;;;;;;;;;;;;;;;;;;;;;55°33,2'N;009°43,8'E;546019;6156667
594;Frederikssund Havn;0;-1;SK_FRDSU;;;jan 19, 2011 12:00:00 AM;;;SK_FRDSU1;;august 2019;Luftfoto Danmark ApS;SK_FRDSU2;;august 2019;Luftfoto Danmark ApS;;;;;;;;;;;;;;;;;;;;;;;;;55°50,2'N;012°03,3'E;691278;6192017
595;Frederikssund Lystbådehavn;0;-1;SK_MARBK;;;nov 23, 2018 12:00:00 AM;;;SK_FRDSL1;Frederikssund Lystbådehavn (tv) og Marbæk Lystbådehavn (th);august 2019;Luftfoto Danmark ApS;SK_FRDSL2;;august 2019;Luftfoto Danmark ApS;SK_FRDSL3;;august 2019;Luftfoto Danmark ApS;SK_FRDSL4;;august 2019;Luftfoto Danmark ApS;;;;;;;;;;;;;;;;;55°49,6'N;012°03,6'E;691579;6191078
596;Frederiksværk Lystbådehavn;0;-1;SK_FRDVL;;;maj 26, 2016 12:00:00 AM;;;SK_FRDVL1;Set fra SW;august 2019;Luftfoto Danmark ApS;SK_FRDVL2;Set fra NE;august 2019;Luftfoto Danmark ApS;;;;;;;;;;;;;;;;;;;;;;;;;55°57,9'N;012°00,1'E;687165;6206164
1085;Slettestrand;0;0;;;;;;;JV_SLEST1;;januar 2019;Simon T. Vammen, GST;JV_SLEST2;;januar 2019;Simon T. Vammen, GST;;;;;;;;;;;;;;;;;;;;;;;;;57°09,3'N;009°21,9'E;522061;6334841
592;Fredericia Havn;-1;0;SKTFRDCW;SKTFRDCE;;okt 20, 2017 12:00:00 AM;okt 20, 2017 12:00:00 AM;;SKTFRDC1;Havnen set fra E;august 2018;Luftfoto Danmark ApS;SKTFRDC2;Havnen set fra SSW;august 2018;Luftfoto Danmark ApS;SKTFRDC3;Skanseoddehavn;august 2018;Luftfoto Danmark ApS;SKTFRDC4;Kastelshavn og Gamle Havn;august 2018;Luftfoto Danmark ApS;SKTFRDC5;Vesthavn;august 2018;Luftfoto Danmark ApS;SKTFRDC6;Centerhavn og Vesthavn;august 2018;Luftfoto Danmark ApS;SKTFRDC7;Møllebugthavn og Centerhavn;august 2018;Luftfoto Danmark ApS;;;;;55°33,2'N;009°43,8'E;547171;6157031
720;Køge Havn;-1;0;SUTKOEGE;;;nov 08, 2019 12:00:00 AM;;;SUTKOEGE1;Set fra SE;august 2019;Luftfoto Danmark ApS;SUTKOEGE2;Set fra E, indsejling til havn;august 2019;Luftfoto Danmark ApS;SUTKOEGE3;Gammel havn og RoRo kaj set fra E;august 2019;Luftfoto Danmark ApS;SUTKOEGE4;Gammel havn set fra W;august 2019;Luftfoto Danmark ApS;SUTKOEGE5;Ny Nordhavn set fra S;august 2019;Luftfoto Danmark ApS;SUTKOEGE6;Ny Nordhavn set fra SE;august 2019;Luftfoto Danmark ApS;SUTKOEGE7;Set fra SW;august 2019;Luftfoto Danmark ApS;;;;;55°27,4'N;012°12,4'E;702752;6150285
591;Endelave Havn;0;-1;SK_ENDLA;;;jun 15, 2018 12:00:00 AM;;;SK_ENDLA1;;september 2008;Arne Magnussen, Helsingør;;;;;;;;;;;;;;;;;;;;;;;;;;;;;55°45,8'N;010°16,3'E;579835;6180396
590;Ejby Fiskerihavn;0;-1;;;;;;;SK_EJBYX1;;august 2019;Luftfoto Danmark ApS;SK_EJBYX2;;august 2019;Luftfoto Danmark ApS;;;;;;;;;;;;;;;;;;;;;;;;;55°41,7'N;011°50,2'E;678320;6175831
587;Ebeltoft Havn;-1;-1;SKTEBLTF;;;okt 21, 2015 12:00:00 AM;;;SKTEBLTF1;;juli 2011;Arne Magnussen, Helsingør;;;;;;;;;;;;;;;;;;;;;;;;;;;;;56°11,5'N;010°40,1'E;603610;6229284
588;Ebeltoft Skudehavn;0;-1;SKTEBLTF;;;okt 21, 2015 12:00:00 AM;;;SK_EBLSH1;;juli 2011;Arne Magnussen, Helsingør;;;;;;;;;;;;;;;;;;;;;;;;;;;;;56°11,5'N;010°40,1'E;603517;6228630
589;Egå Marina;0;-1;SK_EGAAX;;;maj 18, 2018 12:00:00 AM;;;SK_EGAAX1;;september 2007;Arne Magnussen, Helsingør;;;;;;;;;;;;;;;;;;;;;;;;;;;;;56°12,6'N;010°17,4'E;580083;6230098
583;Bregnør Fiskerihavn;0;-1;SK_BREGO;;;maj 26, 2016 12:00:00 AM;;;SK_BREGO1;;august 2017;JW Luftfoto;SK_BREGO2;;august 2017;JW Luftfoto;;;;;;;;;;;;;;;;;;;;;;;;;55°29,2'N;010°35,9'E;600963;6150048
584;Brejning Lystbådehavn;0;-1;SK_BRJNG;;;nov 30, 2018 12:00:00 AM;;;SK_BRJNG1;;juli 2011;Arne Magnussen, Helsingør;;;;;;;;;;;;;;;;;;;;;;;;;;;;;55°40,5'N;009°41,4'E;543475;6170112
585;Jyllinge Nordhavn;0;-1;SK_JYLIN;;;mar 29, 2019 12:00:00 AM;;;SK_JYLIN1;;august 2019;Luftfoto Danmark ApS;SK_JYLIN2;;august 2019;Luftfoto Danmark ApS;;;;;;;;;;;;;;;;;;;;;;;;;55°45,7'N;012°05,7'E;694133;6183841
586;Ebeltoft Færgehavn;0;0;;;;;;;SK_EBLFH1;;august 2019;Luftfoto Danmark ApS;SK_EBLFH2;;august 2019;Luftfoto Danmark ApS;;;;;;;;;;;;;;;;;;;;;;;;;56°09,2'N;010°40,0'E;603461;6224383
580;Ballen Havn;-1;-1;SKTBALLN;;;mar 16, 2018 12:00:00 AM;;;SKTBALLN1;;august 2015;JW Luftfoto;;;;;;;;;;;;;;;;;;;;;;;;;;;;;55°49,0'N;010°38,4'E;602836;6186878
581;Boelsbro Bådehavn;0;-1;SK_BOLBR;;;jan 26, 2018 12:00:00 AM;;;SK_BOLBR1;;august 2018;Luftfoto Danmark ApS;SK_BOLBR2;;august 2018;Luftfoto Danmark ApS;;;;;;;;;;;;;;;;;;;;;;;;;55°28,5'N;010°33,5'E;598510;6148742
470;Virksund Lystbådehavn;0;-1;JV_VRKSU;;;sep 30, 2009 12:00:00 AM;;;JV_VRKSU1;;august 2009;Arne Magnussen, Helsingør;;;;;;;;;;;;;;;;;;;;;;;;;;;;;56°36,5'N;009°17,5'E;517941;6273841
471;Vorupør Læmole;0;0;;;;;;;JV_VORUP1;;august 2015;JW Luftfoto;JV_VORUP2;;august 2015;JW Luftfoto;;;;;;;;;;;;;;;;;;;;;;;;;56°57,6'N;008°21,8'E;461362;6313148
464;Thyborøn Lystbådehavn (Nordre Inderhavn);0;-1;JVTTYBRN;;;dec 13, 2019 12:00:00 AM;;;JVTTYBRN9;Thyborøn Lystbådehavn (Nordre Inderhavn), Mellemhavn, Bådehavn og Søndre Inderhavn;august 2018;Luftfoto Danmark ApS;;;;;;;;;;;;;;;;;;;;;;;;;;;;;56°42,4'N;008°13,3'E;452370;6284947
465;Thyborøn-Harboøre Lystbådehavn;0;-1;JVTTYBRS;;;mar 08, 2019 12:00:00 AM;;;JV_TYHAL1;;august 2018;Luftfoto Danmark ApS;;;;;;;;;;;;;;;;;;;;;;;;;;;;;56°41,3'N;008°13,3'E;452429;6282930
843;Ejerslev Havn;0;-1;JV_EJRSL;;;jun 15, 2018 12:00:00 AM;;;JV_EJRSL1;;august 2019;Luftfoto Danmark ApS;JV_EJRSL2;;august 2019;Luftfoto Danmark ApS;;;;;;;;;;;;;;;;;;;;;;;;;56°55,1'N;008°55,4'E;495279;6308347
472;Ørodde Havn;-1;0;JVTNYKBM;;;okt 01, 2014 12:00:00 AM;;;JV_OEROD1;;august 2019;Luftfoto Danmark ApS;JV_OEROD2;;august 2019;Luftfoto Danmark ApS;;;;;;;;;;;;;;;;;;;;;;;;;56°47,2'N;008°52,6'E;492418;6293694
473;Aalborg Skudehavn og Vestre Bådehavn;0;-1;JV_SKUDH;;;aug 31, 2011 12:00:00 AM;;;JV_SKUDH1;;juli 2012;Arne Magnussen, Helsingør;;;;;;;;;;;;;;;;;;;;;;;;;;;;;57°03,5'N;009°54,0'E;554633;6324293
469;Virksund Havn;0;-1;;;;;;;KO_VRKSU1;Slusen set fra SW;juli 2014;Arne Magnussen, Helsingør;;;;;;;;;;;;;;;;;;;;;;;;;;;;;56°36,4'N;009°17,6'E;517977;6273576
841;Ålbæk Havn;0;-1;NK_AALBK;;;apr 06, 2016 12:00:00 AM;;;NK_AALBK1;;juni 2016;JW Luftfoto;;;;;;;;;;;;;;;;;;;;;;;;;;;;;57°35,5'N;010°25,7'E;585429;6384233
837;Voer Anlægsbro;0;0;;;;;;;NK_VOERA1;;juli 2005;Arne Magnussen, Helsingør;;;;;;;;;;;;;;;;;;;;;;;;;;;;;56°31,2'N;010°13,8'E;575677;6264632
838;Voerså Fiskerleje;0;-1;NK_VORSA;;;jan 21, 2004 12:00:00 AM;;;NK_VORSA1;;august 2004;Arne Magnussen, Helsingør;;;;;;;;;;;;;;;;;;;;;;;;;;;;;57°12,2'N;010°29,7'E;590379;6341062
839;Øster Hurup Fiskeri- og Lystbådehavn;0;-1;NK_OSTHU;;;jun 01, 2016 12:00:00 AM;;;NK_OSTHU1;;august 2018;Luftfoto Danmark ApS;NK_OSTHU2;;august 2018;Luftfoto Danmark ApS;;;;;;;;;;;;;;;;;;;;;;;;;56°48,3'N;010°17,0'E;578426;6296415
754;Vedbæk Havn;0;-1;SU_VEDBK;;;sep 09, 2015 12:00:00 AM;;;SU_VEDBK1;;august 2016;JW Luftfoto;;;;;;;;;;;;;;;;;;;;;;;;;;;;;55°51,0'N;012°34,4'E;723672;6195148
758;Ålsgårde Langebro;0;-1;;;;;;;SU_ALSGD1;;august 2015;JW Luftfoto;;;;;;;;;;;;;;;;;;;;;;;;;;;;;56°04,6'N;012°32,9'E;720751;6220266
801;H.J. Hansen Hadsund A/S Anløbsbro;-1;0;;;;;;;NKTHJHAN1;;august 2019;Luftfoto Danmark ApS;NKTHJHAN2;;august 2019;Luftfoto Danmark ApS;;;;;;;;;;;;;;;;;;;;;;;;;56°42,1'N;010°03,4'E;564692;6284531
748;Stevns Kridtbrud Udskibningspier;-1;0;;;;;;;SU_STEVN1;;juli 2000;Svend Møller Reklamefotografi, Odense;;;;;;;;;;;;;;;;;;;;;;;;;;;;;55°19,4'N;012°27,0'E;719275;6136095
700;Hellerup Lystbådehavn;0;-1;SU_HELRP;;;mar 13, 2013 12:00:00 AM;;;SU_HELRP1;;juli 2013;Arne Magnussen, Helsingør;;;;;;;;;;;;;;;;;;;;;;;;;;;;;55°43,9'N;012°34,9'E;724876;6182043
697;Flakfort;0;-1;SU_FLKFT;;;maj 13, 2015 12:00:00 AM;;;SU_FLKFT1;;august 2019;Luftfoto Danmark ApS;SU_FLKFT2;;august 2019;Luftfoto Danmark ApS;;;;;;;;;;;;;;;;;;;;;;;;;55°42,2'N;012°43,9'E;734419;6179325
693;Espergærde Havn;0;-1;SU_ESPGR;;;nov 23, 2018 12:00:00 AM;;;SU_ESPGR1;;august 2016;JW Luftfoto;;;;;;;;;;;;;;;;;;;;;;;;;;;;;55°59,5'N;012°33,8'E;722175;6210963
696;Fedhavnen;0;-1;;;;;;;SU_FEDHX1;;maj 1997;Jørgen Schou Reklamefotografi, Odense;;;;;;;;;;;;;;;;;;;;;;;;;;;;;55°10,2'N;012°05,5'E;696912;6118099
635;Lyngsodde Ammoniakhavn;-1;0;SKTLYGOD;;;dec 17, 2003 12:00:00 AM;;;SKTLYGOD1;;maj 1997;Jørgen Schou Reklamefotografi, Odense;;;;;;;;;;;;;;;;;;;;;;;;;;;;;55°31,4'N;009°44,6'E;546872;6153345
636;Lyngsbæk Bro;0;0;;;;;;;SK_LNGBK1;;juli 2016;JW Luftfoto;;;;;;;;;;;;;;;;;;;;;;;;;;;;;56°13,6'N;010°37,2'E;600365;6232493
637;Lynæs Havn;0;-1;SK_LYNAS;;;nov 15, 2019 12:00:00 AM;;;SK_LYNAS1;;august 2018;Luftfoto Danmark ApS;;;;;;;;;;;;;;;;;;;;;;;;;;;;;55°56,5'N;011°52,0'E;679220;6203287
638;Marbæk Lystbådehavn;0;-1;SK_MARBK;;;nov 23, 2018 12:00:00 AM;;;SK_FRDSL1;Marbæk Lystbådehavn (th) og Frederikssund Lystbådehavn (tv);august 2019;Luftfoto Danmark ApS;SK_FRDSL2;;august 2019;Luftfoto Danmark ApS;SK_FRDSL3;;august 2019;Luftfoto Danmark ApS;SK_FRDSL4;;august 2019;Luftfoto Danmark ApS;;;;;;;;;;;;;;;;;55°49,7'N;012°03,7'E;691764;6191164
840;Østerby Havn;-1;-1;NKTOSTRB;;;jun 15, 2005 12:00:00 AM;;;NKTOSTRB1;;juli 2010;Arne Magnussen, Helsingør;;;;;;;;;;;;;;;;;;;;;;;;;;;;;57°19,2'N;011°07,4'E;628029;6355203
833;Udbyhøj Syd Lystbådehavn;0;-1;NK_UBHOJ;;;maj 01, 2020 12:00:00 AM;;;NK_UBHOS1;;august 2018;Luftfoto Danmark ApS;NK_UBHOS2;;august 2018;Luftfoto Danmark ApS;;;;;;;;;;;;;;;;;;;;;;;;;56°36,4'N;010°18,1'E;579911;6274387
834;Uggelhuse Marina;0;-1;;;;;;;NK_UGGEL1;;august 2018;Luftfoto Danmark ApS;;;;;;;;;;;;;;;;;;;;;;;;;;;;;56°28,3'N;010°12,4'E;574311;6259216
835;Vesterø Havn;-1;-1;NKTVSTRO;;;sep 28, 2018 12:00:00 AM;;;NKTVSTRO1;;juli 2013;Arne Magnussen, Helsingør;;;;;;;;;;;;;;;;;;;;;;;;;;;;;57°17,8'N;010°55,4'E;615839;6352146
750;Svanemøllehavnen;0;-1;SU_SVAKA;;;apr 28, 2017 12:00:00 AM;;;SU_SVANM1;;august 2018;Luftfoto Danmark ApS;SU_SVANM2;;august 2018;Luftfoto Danmark ApS;;;;;;;;;;;;;;;;;;;;;;;;;55°43,0'N;012°35,3'E;725423;6180340
752;Taarbæk Havn;0;-1;SU_TARBK;;;apr 16, 2003 12:00:00 AM;;;SU_TARBK1;;august 2016;JW Luftfoto;;;;;;;;;;;;;;;;;;;;;;;;;;;;;55°47,3'N;012°35,8'E;725451;6188286
687;Brøndby Lystbådehavn;0;-1;SU_BRNBY;;;jun 29, 2018 12:00:00 AM;;;SU_BRNBY1;;juli 2005;Arne Magnussen, Helsingør;;;;;;;;;;;;;;;;;;;;;;;;;;;;;55°36,5'N;012°26,5'E;716807;6167946
689;Bøgeskov Fiskerihavn;0;-1;SU_BOGSK;;;mar 23, 2018 12:00:00 AM;;;SU_BOGSK1;;juli 2014;Arne Magnussen, Helsingør;;;;;;;;;;;;;;;;;;;;;;;;;;;;;55°22,2'N;012°24,9'E;716433;6141256
691;Dragør Havn;-1;-1;SUTDRAGO;;;mar 01, 2019 12:00:00 AM;;;SUTDRAGO1;;august 2015;JW Luftfoto;;;;;;;;;;;;;;;;;;;;;;;;;;;;;55°35,7'N;012°40,7'E;731909;6167084
692;Dragør Lystbådehavn;0;-1;SUTDRAGO;;;okt 06, 2017 12:00:00 AM;;;SU_DRAGL1;;august 2015;JW Luftfoto;;;;;;;;;;;;;;;;;;;;;;;;;;;;;55°35,4'N;012°40,8'E;731843;6166678
836;Vive Havn;0;-1;NK_VIVEX;;;okt 23, 2013 12:00:00 AM;;;NK_VIVEX1;;august 2018;Luftfoto Danmark ApS;;;;;;;;;;;;;;;;;;;;;;;;;;;;;56°41,9'N;010°02,7'E;563944;6284303
828;Stinesminde Havn;0;-1;;;;;;;NK_STINE1;;august 2018;Luftfoto Danmark ApS;;;;;;;;;;;;;;;;;;;;;;;;;;;;;56°40,3'N;009°58,2'E;559481;6281207
829;Strandby Havn;-1;-1;NKTSTRBY;;;jul 10, 2013 12:00:00 AM;;;NKTSTRBY1;;juli 2013;Arne Magnussen, Helsingør;NKTSTRBY2;;juli 2013;Arne Magnussen, Helsingør;;;;;;;;;;;;;;;;;;;;;;;;;57°29,7'N;010°30,2'E;590317;6373421
744;Skovshoved Havn;0;-1;SU_SKVHD;;;aug 24, 2016 12:00:00 AM;;;SU_SKVHD1;;august 2015;JW Luftfoto;SU_SKVHD2;;august 2015;JW Luftfoto;;;;;;;;;;;;;;;;;;;;;;;;;55°45,7'N;012°36,1'E;726019;6185365
746;Sletten Havn;0;-1;SU_SLETN;;;apr 16, 2003 12:00:00 AM;;;SU_SLETN1;;august 2016;JW Luftfoto;;;;;;;;;;;;;;;;;;;;;;;;;;;;;55°57,2'N;012°32,2'E;720777;6206561
747;Snekkersten Havn;0;-1;SU_SNKST;;;aug 06, 2014 12:00:00 AM;;;SU_SNKST1;;juli 2012;Arne Magnussen, Helsingør;;;;;;;;;;;;;;;;;;;;;;;;;;;;;56°00,5'N;012°35,3'E;723769;6212799
742;Scanport Havn;0;0;SU_KASRP;;;sep 29, 2017 12:00:00 AM;;;SU_SCANP1;;juli 2014;Arne Magnussen, Helsingør;;;;;;;;;;;;;;;;;;;;;;;;;;;;;55°38,2'N;012°39,4'E;730114;6171682
683;Avedøreværkets Havn;-1;0;SUTAVDVK;;;feb 22, 2019 12:00:00 AM;;;SUTAVDVK1;;august 2019;Luftfoto Danmark ApS;SUTAVDVK2;;august 2019;Luftfoto Danmark ApS;SUTAVDVK3;;august 2019;Luftfoto Danmark ApS;;;;;;;;;;;;;;;;;;;;;55°36,0'N;012°29,0'E;719484;6167074
681;Århus Lystbådehavn;0;-1;SK_ARHSL;;;jan 11, 2017 12:00:00 AM;;;SK_ARHSL1;;august 2017;JW Luftfoto;;;;;;;;;;;;;;;;;;;;;;;;;;;;;56°10,2'N;010°13,5'E;575977;6225424
682;Avedøre Råstofhavn;-1;0;;;;;;;SUTAVDRA1;;juli 2000;Svend Møller Reklamefotografi, Odense;;;;;;;;;;;;;;;;;;;;;;;;;;;;;55°36,7'N;012°30,1'E;720512;6168353
631;Kyndbyværkets Havn;-1;0;SKTKYNVK;;;okt 20, 2017 12:00:00 AM;;;SKTKYNVK1;;august 2018;Luftfoto Danmark ApS;SKTKYNVK2;;august 2018;Luftfoto Danmark ApS;;;;;;;;;;;;;;;;;;;;;;;;;55°48,6'N;011°52,6'E;680257;6188751
632;Langør Havn;0;-1;SK_LNGOR;;;jul 14, 2016 12:00:00 AM;;;SK_LNGOR1;Set fra S;august 2019;Luftfoto Danmark ApS;SK_LNGOR2;Set fra E;august 2019;Luftfoto Danmark ApS;;;;;;;;;;;;;;;;;;;;;;;;;55°54,6'N;010°38,5'E;602612;6197345
830;Sæby Havn;-1;-1;NKTSAEBY;;;jul 09, 2014 12:00:00 AM;;;NKTSAEBY1;;juli 2012;Sæby Havn;NKTSAEBY2;;Juli 2012;Sæby Havn;NKTSAEBY3;;Juli 2012;Sæby Havn;NKTSAEBY4;;Juli 2012;Sæby Havn;;;;;;;;;;;;;;;;;57°20,0'N;010°31,9'E;592425;6355446
826;Rønnerhavnen;0;-1;NK_RONNR;;;jun 14, 2004 12:00:00 AM;;;NK_RONNR1;;august 2004;Arne Magnussen, Helsingør;;;;;;;;;;;;;;;;;;;;;;;;;;;;;57°27,9'N;010°32,2'E;592347;6370217
823;Mellerup Lystbådehavn;0;-1;;;;;;;NK_MERPL1;;august 2015;JW Luftfoto;;;;;;;;;;;;;;;;;;;;;;;;;;;;;56°31,4'N;010°13,4'E;575293;6265078
738;Rungsted Havn;0;-1;SU_RUNST;;;mar 10, 2017 12:00:00 AM;;;SU_RUNST1;;august 2016;JW Luftfoto;SU_RUNST2;;august 2016;JW Luftfoto;;;;;;;;;;;;;;;;;;;;;;;;;55°53,1'N;012°32,8'E;721941;6199055
732;Mosede Fiskerihavn;0;-1;SU_MOSED;;;okt 28, 2009 12:00:00 AM;;;SU_MOSED1;Set fra NE;august 2019;Luftfoto Danmark ApS;SU_MOSED2;Set fra W;august 2019;Luftfoto Danmark ApS;SU_MOSED3;Set fra S;august 2019;Luftfoto Danmark ApS;;;;;;;;;;;;;;;;;;;;;55°34,0'N;012°17,2'E;707247;6162711
734;Nivå Havn;0;-1;SU_NIVAA;;;nov 23, 2005 12:00:00 AM;;;SU_NIVAA1;;august 2016;JW Luftfoto;;;;;;;;;;;;;;;;;;;;;;;;;;;;;55°56,4'N;012°31,6'E;720329;6204991
684;Barakkebro;0;-1;SU_BARAK;;;jun 22, 2016 12:00:00 AM;;;SU_BARAK1;;august 2015;JW Luftfoto;;;;;;;;;;;;;;;;;;;;;;;;;;;;;55°40,0'N;012°44,5'E;735267;6175375
680;Aarhus Havn;-1;0;;;;;;;SKTARHUS1;;august 2017;JW Luftfoto;SKTARHUS2;Østhavn;august 2017;JW Luftfoto;SKTARHUS3;Nordhavn;august 2017;JW Luftfoto;;;;;;;;;;;;;;;;;;;;;56°09,0'N;010°13,7'E;576753;6224490
678;Øer Havn;0;-1;SK_OERHV;;;jul 06, 2016 12:00:00 AM;;;SK_OERHV1;;juli 2011;Arne Magnussen, Helsingør;SK_OERHV2;;juli 2011;Arne Magnussen, Helsingør;;;;;;;;;;;;;;;;;;;;;;;;;56°09,1'N;010°41,4'E;604894;6224233
628;Korshavn Lystbådebro;0;-1;;;;;;;SK_KORSH1;;august 2018;Luftfoto Danmark ApS;;;;;;;;;;;;;;;;;;;;;;;;;;;;;55°36,3'N;010°36,5'E;601384;6163218
627;Kongsgårde Bro;0;-1;SK_KGSGD;;;jun 28, 2019 12:00:00 AM;;;SK_KGSGD1;;juli 2016;JW Luftfoto;;;;;;;;;;;;;;;;;;;;;;;;;;;;;56°08,7'N;010°30,9'E;594074;6223327
629;Kulhuse Havn;0;-1;SK_KULHS;;;jun 28, 2019 12:00:00 AM;;;SK_KULHS1;;juli 2011;Arne Magnussen, Helsingør;;;;;;;;;;;;;;;;;;;;;;;;;;;;;55°56,2'N;011°54,4'E;681510;6202883
825;Randers Lystbådehavn;0;-1;NKTRANDS;;;maj 26, 2013 12:00:00 AM;;;NK_RANDS1;Set fra SE;august 2019;Luftfoto Danmark ApS;NK_RANDS2;Set fra SW;august 2019;Luftfoto Danmark ApS;NK_RANDS3;Set fra E;august 2019;Luftfoto Danmark ApS;;;;;;;;;;;;;;;;;;;;;56°27,7'N;010°03,2'E;564973;6258035
820;Kongsdal Havn;-1;0;NKTKNGDA;;;maj 27, 2009 12:00:00 AM;;;NKTKNGDA1;;august 2019;Luftfoto Danmark ApS;NKTKNGDA2;;august 2019;Luftfoto Danmark ApS;NKTKNGDA3;;august 2019;Luftfoto Danmark ApS;;;;;;;;;;;;;;;;;;;;;56°41,2'N;010°03,9'E;565239;6283047
821;Kongsdal Lystbådehavn;0;-1;NK_KNGDL;;;jul 05, 2019 12:00:00 AM;;;NK_KNGDL1;;august 2018;Luftfoto Danmark ApS;;;;;;;;;;;;;;;;;;;;;;;;;;;;;56°41,0'N;010°04,3'E;565690;6282743
737;Præstø Havn;0;-1;SU_PRSTO;;;maj 04, 2018 12:00:00 AM;;;SU_PRSTO1;;juli 2010;Arne Magnussen, Helsingør;;;;;;;;;;;;;;;;;;;;;;;;;;;;;55°07,5'N;012°02,6'E;694020;6113014
721;Køge Marina;0;-1;SU_KOGEL;;;nov 09, 2018 12:00:00 AM;;;SU_KOGEL1;Set fra NE;august 2019;Luftfoto Danmark ApS;SU_KOGEL2;Set fra W;august 2019;Luftfoto Danmark ApS;SU_KOGEL3;Set fra S;august 2019;Luftfoto Danmark ApS;;;;;;;;;;;;;;;;;;;;;55°28,2'N;012°11,8'E;702171;6151803
723;Langelinie Lystbådehavn;0;-1;SU_LNGLI;;;jan 31, 2020 12:00:00 AM;;;SU_LNGLI1;;august 2009;Arne Magnussen, Helsingør;;;;;;;;;;;;;;;;;;;;;;;;;;;;;55°41,6'N;012°36,0'E;726204;6177911
630;Kulvig Jollehavn;0;-1;;;;;;;SK_KULVG1;;juli 2000;Svend Møller Reklamefotografi, Odense;;;;;;;;;;;;;;;;;;;;;;;;;;;;;55°37,5'N;009°50,9'E;553413;6164670
623;Kignæs Lystbådehavn;0;-1;;;;;;;SK_KIGNS1;;august 2019;Luftfoto Danmark ApS;SK_KIGNS2;;august 2019;Luftfoto Danmark ApS;;;;;;;;;;;;;;;;;;;;;;;;;55°51,4'N;012°00,6'E;688340;6194311
624;Klintebjerg Havn;0;-1;SK_KLNBJ;;;dec 21, 2018 12:00:00 AM;;;SK_KLNBJ1;;august 2018;Luftfoto Danmark ApS;;;;;;;;;;;;;;;;;;;;;;;;;;;;;55°28,7'N;010°27,1'E;591782;6148955
625;Kolby Kås Havn;-1;-1;SKTKLBYK;;;mar 02, 2018 12:00:00 AM;;;SKTKLBYK1;;august 2019;Luftfoto Danmark ApS;SKTKLBYK2;;august 2019;Luftfoto Danmark ApS;SKTKLBYK3;;august 2019;Luftfoto Danmark ApS;;;;;;;;;;;;;;;;;;;;;55°47,8'N;010°31,7'E;595816;6184478
822;Mariager Lystbådehavn;0;-1;NK_MARIA;;;aug 03, 2011 12:00:00 AM;;;NK_MARIA1;;juli 2011;Arne Magnussen, Helsingør;;;;;;;;;;;;;;;;;;;;;;;;;;;;;56°39,2'N;009°59,0'E;560233;6279297
817;Hobro Havn;-1;-1;NKTHOBRO;;;jan 18, 2019 12:00:00 AM;;;NKTHOBRO1;;september 2017;JW Luftfoto;;;;;;;;;;;;;;;;;;;;;;;;;;;;;56°38,3'N;009°48,2'E;549184;6277456
728;Lund Havn;0;-1;;;;;;;SU_LUNDX1;;maj 1997;Jørgen Schou Reklamefotografi, Odense;;;;;;;;;;;;;;;;;;;;;;;;;;;;;55°14,3'N;012°18,1'E;709930;6126206
730;Margretheholms Havn;0;-1;SU_MRGHL;;;jan 25, 2019 12:00:00 AM;;;SU_MRGHL1;;juli 2000;Svend Møller Reklamefotografi, Odense;;;;;;;;;;;;;;;;;;;;;;;;;;;;;55°41,3'N;012°37,1'E;727412;6177291
731;Middelgrunds Fort;0;0;;;;;;;SU_MIDFT1;;august 2004;Arne Magnussen, Helsingør;;;;;;;;;;;;;;;;;;;;;;;;;;;;;55°43,2'N;012°40,0'E;730180;6180973
718;Københavns Havn (Kalveboderne);0;-1;;;;;;;SU_KALBO1;;juli 2000;Svend Møller Reklamefotografi, Odense;;;;;;;;;;;;;;;;;;;;;;;;;;;;;55°38,4'N;012°32,7'E;723045;6171459
719;Københavns Motorbådsklub;0;-1;SU_KBHMO;;;apr 16, 2003 12:00:00 AM;;;SU_KBHMO1;;juli 2000;Svend Møller Reklamefotografi, Odense;;;;;;;;;;;;;;;;;;;;;;;;;;;;;55°40,8'N;012°37,3'E;727642;6176408
673;Tunø Havn;0;-1;SK_TUNOE;;;okt 12, 2018 12:00:00 AM;;;SK_TUNOE1;;august 2019;Luftfoto Danmark ApS;SK_TUNOE2;;august 2019;Luftfoto Danmark ApS;;;;;;;;;;;;;;;;;;;;;;;;;55°57,0'N;010°27,2'E;590800;6201340
661;Rørvig Havn;0;-1;SK_RORVI;;;jan 18, 2019 12:00:00 AM;;;SK_RORVI1;;juli 2013;Arne Magnussen, Helsingør;;;;;;;;;;;;;;;;;;;;;;;;;;;;;55°56,6'N;011°46,1'E;672922;6203291
662;Røsnæs Havn;0;-1;SK_ROSNS;;;sep 21, 2018 12:00:00 AM;;;SK_ROSNS1;;juli 2011;Arne Magnussen, Helsingør;;;;;;;;;;;;;;;;;;;;;;;;;;;;;55°45,1'N;010°56,7'E;622048;6180159
626;Kongebro Havn;0;-1;SK_KNGBR;;;feb 01, 2019 12:00:00 AM;;;SK_KNGBR1;;juli 2013;Arne Magnussen, Helsingør;;;;;;;;;;;;;;;;;;;;;;;;;;;;;55°30,7'N;009°42,6'E;544816;6152064
620;Kaløvig Bådehavn;0;-1;SK_KALOV;;;feb 15, 2019 12:00:00 AM;;;SK_KALOV1;;juli 2016;JW Luftfoto;;;;;;;;;;;;;;;;;;;;;;;;;;;;;56°14,6'N;010°20,5'E;583234;6233919
818;Hobro Lystbådehavn;0;-1;NK_HOBRL;;;jan 31, 2020 12:00:00 AM;;;NK_HOBRL1;;august 2018;Luftfoto Danmark ApS;;;;;;;;;;;;;;;;;;;;;;;;;;;;;56°38,6'N;009°48,8'E;549829;6277963
816;Hirsholm Havn;0;-1;NK_HISHL;;;okt 04, 2019 12:00:00 AM;;;NK_HISHL1;;maj 1997;Jørgen Schou Reklamefotografi, Odense;;;;;;;;;;;;;;;;;;;;;;;;;;;;;57°29,0'N;010°37,3'E;597219;6372417
713;Kastrup Strandpark;0;-1;SU_KASRS;;;sep 30, 2015 12:00:00 AM;;;SU_KASRS1;;juli 2005;Arne Magnussen, Helsingør;;;;;;;;;;;;;;;;;;;;;;;;;;;;;55°38,6'N;012°39,1'E;729797;6172360
717;Kalkbrænderihavnen;0;-1;SU_SVAKA;;;apr 28, 2017 12:00:00 AM;;;SU_KLBRN1;Havnen set fra SE;august 2018;Luftfoto Danmark ApS;SU_KLBRN2;Havnen set fra W;august 2018;Luftfoto Danmark ApS;SU_KLBRN3;Havnen set fra SE med indsejling via Kalbrænderiløbet;august 2018;Luftfoto Danmark ApS;;;;;;;;;;;;;;;;;;;;;55°42,7'N;012°35,4'E;725462;6179907
707;Hvidovre Lystbådehavn;0;-1;SU_HVDOV;;;aug 28, 2013 12:00:00 AM;;;SU_HVDOV1;;august 2019;Luftfoto Danmark ApS;SU_HVDOV2;;august 2019;Luftfoto Danmark ApS;;;;;;;;;;;;;;;;;;;;;;;;;55°37,5'N;012°30,0'E;720431;6169964
663;Sejerø Havn;-1;-1;SKTSEJRO;;;sep 13, 2019 12:00:00 AM;;;SKTSEJRO1;;august 2019;Luftfoto Danmark ApS;SKTSEJRO2;;august 2019;Luftfoto Danmark ApS;;;;;;;;;;;;;;;;;;;;;;;;;55°52,8'N;011°08,2'E;633643;6194766
656;Orø Havn;0;-1;SK_OROEX;;;feb 04, 2004 12:00:00 AM;;;SK_OROEX1;;august 2004;Arne Magnussen, Helsingør;;;;;;;;;;;;;;;;;;;;;;;;;;;;;55°45,3'N;011°48,0'E;675761;6182455
657;Otterup Lystbådehavn;0;-1;SK_OTERP;;;jun 02, 2010 12:00:00 AM;;;SK_OTERP1;;august 2018;Luftfoto Danmark ApS;;;;;;;;;;;;;;;;;;;;;;;;;;;;;55°31,6'N;010°28,3'E;592959;6154407
658;Reersø Fiskerihavn;0;-1;SK_RERSO;;;jun 15, 2018 12:00:00 AM;;;SK_RERSO1;;september 2017;JW Luftfoto;;;;;;;;;;;;;;;;;;;;;;;;;;;;;55°31,0'N;011°07,1'E;633885;6154428
619;Kalundborg Havn;-1;-1;SKTKALBG;;;maj 22, 2020 12:00:00 AM;;;SKTKALBG1;Set fra SW;august 2019;Luftfoto Danmark ApS;SKTKALBG2;Set fra E;august 2019;Luftfoto Danmark ApS;SKTKALBG3;Vesthavn;august 2019;Luftfoto Danmark ApS;SKTKALBG4;Østhavn, Sydhavn og Vesthavn;august 2019;Luftfoto Danmark ApS;SKTKALBG5;;august 2019;Luftfoto Danmark ApS;SKTKALBG6;Østhavn;august 2019;Luftfoto Danmark ApS;SKTKALBG7;Dokhavn;august 2019;Luftfoto Danmark ApS;;;;;55°40,6'N;011°05,1'E;631575;6171781
618;Jyllinge Lystbådehavn;0;-1;SK_JYLIL;;;dec 21, 2018 12:00:00 AM;;;SK_JYLIL1;;august 2019;Luftfoto Danmark ApS;SK_JYLIL2;;august 2019;Luftfoto Danmark ApS;SK_JYLIL3;;august 2019;Luftfoto Danmark ApS;;;;;;;;;;;;;;;;;;;;;55°44,7'N;012°05,8'E;694303;6182062
614;Hørby Lystbådehavn;0;-1;SK_HORBY;;;dec 21, 2018 12:00:00 AM;;;SK_HORBY1;;august 2004;Arne Magnussen, Helsingør;;;;;;;;;;;;;;;;;;;;;;;;;;;;;55°44,1'N;011°42,4'E;669974;6179874
616;Juelsminde Havn og Marina;0;-1;SK_JULSA;;;mar 13, 2013 12:00:00 AM;;;SK_JULMI1;;juli 2011;Arne Magnussen, Helsingør;SK_JULMI2;;juli 2011;Arne Magnussen, Helsingør;SK_JULMI3;Marina;juli 2011;Arne Magnussen, Helsingør;;;;;;;;;;;;;;;;;;;;;55°43,0'N;010°01,0'E;563824;6174936
815;Hadsund Lystbådehavn;0;-1;NK_HDSUL;;;nov 30, 2018 12:00:00 AM;;;NK_HDSUL1;;september 2017;JW Luftfoto;;;;;;;;;;;;;;;;;;;;;;;;;;;;;56°42,6'N;010°06,3'E;567684;6285586
814;Hadsund Havn;-1;-1;NKTHDSUN;;;mar 29, 2019 12:00:00 AM;;;NKTHDSUN1;;august 2019;Luftfoto Danmark ApS;NKTHDSUN2;;august 2019;Luftfoto Danmark ApS;NKTHDSUN3;;august 2019;Luftfoto Danmark ApS;;;;;;;;;;;;;;;;;;;;;56°42,8'N;010°06,9'E;568165;6286031
812;Frederikshavn Marina;0;-1;NK_FRDSS;;;okt 26, 2018 12:00:00 AM;;;NK_FRDSS1;;september 2017;JW Luftfoto;;;;;;;;;;;;;;;;;;;;;;;;;;;;;57°25,5'N;010°31,8'E;592016;6365825
1045;Ballen Færgehavn;-1;0;;;;;;;SKTBALLN2;;august 2017;JW Luftfoto;;;;;;;;;;;;;;;;;;;;;;;;;;;;;55°48,5'N;010°38,7'E;603223;6185971
710;Ishøj Lystbådehavn;0;-1;SU_ISVAL;;;aug 23, 2019 12:00:00 AM;;;SU_ISHOJ1;Havnen set fra E;august 2018;Luftfoto Danmark ApS;SU_ISHOJ2;Havnen set fra N;august 2018;Luftfoto Danmark ApS;;;;;;;;;;;;;;;;;;;;;;;;;55°36,6'N;012°23,3'E;713358;6167880
711;Kastrup Broforenings Bådehavn;0;-1;SU_KASRP;;;sep 29, 2017 12:00:00 AM;;;SU_KASRB1;;juli 2005;Arne Magnussen, Helsingør;;;;;;;;;;;;;;;;;;;;;;;;;;;;;55°38,1'N;012°39,4'E;730147;6171538
712;Kastrup Lystbådehavn;0;-1;SU_KASRP;;;sep 29, 2017 12:00:00 AM;;;SU_KASRP1;;juli 2005;Arne Magnussen, Helsingør;;;;;;;;;;;;;;;;;;;;;;;;;;;;;55°38,0'N;012°39,4'E;730104;6171421
703;Hornbæk Havn;0;-1;SU_HRNBK;;;okt 27, 2017 12:00:00 AM;;;SU_HRNBK1;;juli 2006;Arne Magnussen, Helsingør;;;;;;;;;;;;;;;;;;;;;;;;;;;;;56°05,7'N;012°27,5'E;715101;6222061
659;Rosenvold Havn;0;-1;SK_RSNVO;;;mar 30, 2005 12:00:00 AM;;;SK_RSNVO1;;maj 1997;Jørgen Schou Reklamefotografi, Odense;;;;;;;;;;;;;;;;;;;;;;;;;;;;;55°40,5'N;009°48,8'E;551122;6170205
660;Roskilde Havn;0;-1;SK_ROSKI;;;aug 16, 2019 12:00:00 AM;;;SK_ROSKI1;Set fra W;august 2019;Luftfoto Danmark ApS;SK_ROSKI2;Lystbådehavn;august 2019;Luftfoto Danmark ApS;SK_ROSKI3;Lystbådehavn;august 2019;Luftfoto Danmark ApS;SK_ROSKI4;Lystbådehavn (tv) og Museumshavn (th);august 2019;Luftfoto Danmark ApS;SK_ROSKI5;Museumshavn;august 2019;Luftfoto Danmark ApS;SK_ROSKI6;Set fra S;august 2019;Luftfoto Danmark ApS;SK_ROSKI7;Set fra S;august 2019;Luftfoto Danmark ApS;;;;;55°39,1'N;012°04,5'E;693602;6171643
655;Orø Færgebro;0;0;;;;;;;SK_OROEF1;;august 2019;Luftfoto Danmark ApS;SK_OROEF2;;august 2019;Luftfoto Danmark ApS;SK_OROEF3;Orø Færgebro (tv) og Hammer Bakke Færgebro (th), set fra W.;august 2019;Luftfoto Danmark ApS;;;;;;;;;;;;;;;;;;;;;55°45,4'N;011°50,2'E;677977;6182674
813;Hadsund Fiskerihavn;0;-1;NK_HDSUF;;;jul 13, 2016 12:00:00 AM;;;NK_HDSUF1;;august 2018;Luftfoto Danmark ApS;;;;;;;;;;;;;;;;;;;;;;;;;;;;;56°43,0'N;010°07,6'E;568927;6286398
704;Humlebæk Havn;0;-1;SU_HMLBK;;;okt 04, 2019 12:00:00 AM;;;SU_HMLBK1;;august 2016;JW Luftfoto;;;;;;;;;;;;;;;;;;;;;;;;;;;;;55°58,3'N;012°32,8'E;721289;6208532
705;Greve Marina;0;-1;SU_GREVE;;;maj 24, 2019 12:00:00 AM;;;SU_GREVE1;;juli 2010;Arne Magnussen, Helsingør;SU_GREVE2;Hejren;juli 2010;Arne Magnussen, Helsingør;SU_GREVE3;Mågen;juli 2010;Arne Magnussen, Helsingør;;;;;;;;;;;;;;;;;;;;;55°35,6'N;012°21,2'E;711241;6165751
654;Odense Havn;-1;-1;SKTLINDO;SKTLINIP;SKTODENS;maj 15, 2020 12:00:00 AM;maj 15, 2020 12:00:00 AM;mar 20, 2020 12:00:00 AM;SKTODSHT6;N-lige del af havnen ved Lindø;august 2019;Luftfoto Danmark ApS;SKTODSHT7;N-lige del af havnen ved Lindø;august 2019;Luftfoto Danmark ApS;SKTODSHT1;Havnen ved Lindø set fra SW;august 2019;Luftfoto Danmark ApS;SKTODSHT2;S-lige del af havnen ved Lindø;august 2019;Luftfoto Danmark ApS;SKTODENS1;Inderhavnen set fra W;august 2019;Luftfoto Danmark ApS;SKTODENS2;Inderhavnen set fra S;august 2019;Luftfoto Danmark ApS;SKTODENM1;Odense Kanal set fra S;august 2019;Luftfoto Danmark ApS;SKTODENN1;Fynsværket;august 2019;Luftfoto Danmark ApS;55°28,3'N;010°32,2'E;597506;6149070
652;Odden Færgehavn;0;0;SK_ODDFH;;;maj 26, 2016 12:00:00 AM;;;SK_ODDFH1;;august 2019;Luftfoto Danmark ApS;SK_ODDFH2;;august 2019;Luftfoto Danmark ApS;SK_ODDFH3;;august 2019;Luftfoto Danmark ApS;;;;;;;;;;;;;;;;;;;;;55°58,4'N;011°18,0'E;643513;6205476
617;Jyllinge Fiskerihavn;0;-1;;;;;;;SK_JYLIF1;;august 2019;Luftfoto Danmark ApS;SK_JYLIF2;;august 2019;Luftfoto Danmark ApS;;;;;;;;;;;;;;;;;;;;;;;;;55°45,1'N;012°06,0'E;694581;6182841
612;Hov Havn (Hou Havn);-1;-1;SKTHOVXX;;;nov 28, 2012 12:00:00 AM;;;SKTHOVXX1;;juli 2012;Arne Magnussen, Helsingør;;;;;;;;;;;;;;;;;;;;;;;;;;;;;55°54,6'N;010°15,3'E;578658;6196820
811;Frederikshavn Havn;-1;0;NKTFRDSH;ERTFRDSH;;mar 27, 2020 12:00:00 AM;mar 08, 2019 12:00:00 AM;;NKTFRDSH1;Indsejlingen set fra SE;september 2017;JW Luftfoto;NKTFRDSH2;N-lige del af havnen;september 2017;JW Luftfoto;NKTFRDSH3;Skibsværft;september 2017;JW Luftfoto;NKTFRDSH4;Fragt og Nordhavn;september 2017;JW Luftfoto;;;;;;;;;;;;;;;;;57°26,1'N;010°32,9'E;593437;6366488
809;Akzo Nobel Salt A/S Anlægskaj;-1;0;NKTAKZOA;;;maj 27, 2009 12:00:00 AM;;;NKTAKZOA1;;august 2019;Luftfoto Danmark ApS;NKTAKZOA2;;august 2019;Luftfoto Danmark ApS;;;;;;;;;;;;;;;;;;;;;;;;;55°43,0'N;010°00,8'E;563598;6282568
810;Dronningborg Lystbådehavn;0;-1;NK_DRNBG;;;feb 21, 2020 12:00:00 AM;;;NK_DRNBG1;;august 2018;Luftfoto Danmark ApS;;;;;;;;;;;;;;;;;;;;;;;;;;;;;56°28,0'N;010°04,9'E;566647;6258556
48;Bågø Havn og Lystbådehavn;0;-1;LF_BAGOE;;;nov 18, 2009 12:00:00 AM;;;LF_BAGOE1;;juli 2010;Arne Magnussen, Helsingør;;;;;;;;;;;;;;;;;;;;;;;;;;;;;55°17,8'N;009°48,2'E;551077;6128115
824;Randers Havn;-1;-1;NKTRANDS;;;jun 26, 2013 12:00:00 AM;;;NKTRANDS1;Set fra E;august 2019;Luftfoto Danmark ApS;NKTRANDS2;Set fra NW;august 2019;Luftfoto Danmark ApS;NKTRANDS3;Set fra S;august 2019;Luftfoto Danmark ApS;NKTRANDS4;Set fra S;august 2019;Luftfoto Danmark ApS;NKTRANDS5;Set fra W;august 2019;Luftfoto Danmark ApS;;;;;;;;;;;;;56°27,7'N;010°03,7'E;565408;6258012
653;Odden Havn;-1;-1;SKTODDEN;;;mar 15, 2019 12:00:00 AM;;;SKTODDEN1;;august 2019;Luftfoto Danmark ApS;SKTODDEN2;;august 2019;Luftfoto Danmark ApS;SKTODDEN3;;august 2019;Luftfoto Danmark ApS;;;;;;;;;;;;;;;;;;;;;55°58,3'N;011°22,2'E;647892;6205531
649;Nekselø Havn;0;-1;SK_NKSLO;;;jul 13, 2018 12:00:00 AM;;;SK_NKSLO1;;juli 2014;Arne Magnussen, Helsingør;;;;;;;;;;;;;;;;;;;;;;;;;;;;;55°46,9'N;011°17,8'E;644101;6184161
650;Norsminde Lystbådehavn;0;-1;SK_NORMI;;;apr 13, 2005 12:00:00 AM;;;SK_NORMI1;Set fra E;august 2019;Luftfoto Danmark ApS;SK_NORMI2;Set fra W;august 2019;Luftfoto Danmark ApS;;;;;;;;;;;;;;;;;;;;;;;;;56°01,4'N;010°15,8'E;578708;6209400
646;Mullerup Havn;0;-1;SK_MULRP;;;mar 06, 2020 12:00:00 AM;;;SK_MULRP1;;august 2009;Arne Magnussen, Helsingør;;;;;;;;;;;;;;;;;;;;;;;;;;;;;55°29,6'N;011°10,4'E;637321;6151884
613;Hundested Havn;-1;-1;SKTHUNST;;;okt 06, 2017 12:00:00 AM;;;SKTHUNST1;Havnen set fra SW;august 2016;JW Luftfoto;SKTHUNST2;Gamle havn og lystbådehavn set fra N;august 2009;Arne Magnussen, Helsingør;SKTHUNST3;Havnen set fra W;august 2009;Arne Magnussen, Helsingør;;;;;;;;;;;;;;;;;;;;;55°57,9'N;011°50,7'E;677286;6205454
702;Helsingør Havn;-1;0;SUTHLSNS;;;apr 17, 2020 12:00:00 AM;;;SUTHLSNS1;;august 2018;Luftfoto Danmark ApS;SUTHLSNS2;;august 2018;Luftfoto Danmark ApS;SUTHLSNS3;;august 2018;Luftfoto Danmark ApS;;;;;;;;;;;;;;;;;;;;;56°02,1'N;012°37,1'E;725385;6215940
701;Helsingør Nordhavn;0;-1;SU_HLSNN;;;sep 28, 2016 12:00:00 AM;;;SU_HLSNN1;;august 2016;JW Luftfoto;;;;;;;;;;;;;;;;;;;;;;;;;;;;;56°02,6'N;012°36,9'E;725265;6216831
698;Gilleleje Havn;-1;-1;SUTGILLJ;;;feb 21, 2020 12:00:00 AM;;;SUTGILLJ1;;august 2004;Arne Magnussen, Helsingør;SU_GILLJ2;Lystbådehavnen;august 2004;Arne Magnussen, Helsingør;;;;;;;;;;;;;;;;;;;;;;;;;56°07,7'N;012°18,7'E;705757;6225324
647;Mårup Havn;0;-1;SK_MAARP;;;jul 05, 2006 12:00:00 AM;;;SK_MAARP1;;juli 2005;Arne Magnussen, Helsingør;;;;;;;;;;;;;;;;;;;;;;;;;;;;;55°56,2'N;010°33,1'E;596967;6200179
644;Middelfart Havne (ADP A/S, Havn);-1;0;SKTMIDFA;;;jun 22, 2018 12:00:00 AM;;;SKTMIDFA4;;august 2004;Arne Magnussen, Helsingør;;;;;;;;;;;;;;;;;;;;;;;;;;;;;55°30,4'N;009°44,6'E;546829;6151512
645;Midskov Bådehavn;0;0;;;;;;;SK_MIDSK1;;juli 2012;Arne Magnussen, Helsingør;;;;;;;;;;;;;;;;;;;;;;;;;;;;;55°31,0'N;010°34,2'E;599137;6153349
648;Nappedam Lystbådehavn;0;-1;SK_NAPDM;;;jul 16, 2014 12:00:00 AM;;;SK_NAPDM1;;juli 2016;JW Luftfoto;;;;;;;;;;;;;;;;;;;;;;;;;;;;;56°16,6'N;010°29,7'E;592575;6237863
610;Horsens Havn;-1;-1;SKTHORSN;;;okt 19, 2018 12:00:00 AM;;;SKTHORSN1;;august 2015;JW Luftfoto;;;;;;;;;;;;;;;;;;;;;;;;;;;;;55°51,4'N;009°52,6'E;554225;6190480
611;Horsens Lystbådehavn;0;-1;SKTHORSN;;;okt 19, 2018 12:00:00 AM;;;SK_HORSL1;;august 2015;JW Luftfoto;;;;;;;;;;;;;;;;;;;;;;;;;;;;;55°51,4'N;009°52,6'E;554876;6190507
807;Bønnerup Havn;-1;-1;NKTBONRP;;;okt 26, 2018 12:00:00 AM;;;NKTBONRP1;;august 2019;Luftfoto Danmark ApS;NKTBONRP2;Fiskerihavnen;august 2019;Luftfoto Danmark ApS;NK_BONRP3;Lystbådehavnen;august 2019;Luftfoto Danmark ApS;NK_BONRP4;;august 2019;Luftfoto Danmark ApS;;;;;;;;;;;;;;;;;56°32,1'N;010°42,8'E;605354;6267069
808;Dania Havn;-1;0;NKTDANIA;;;maj 25, 2018 12:00:00 AM;;;NKTDANIA1;;august 2019;Luftfoto Danmark ApS;NKTDANIA2;;august 2019;Luftfoto Danmark ApS;NKTDANIA3;;august 2019;Luftfoto Danmark ApS;;;;;;;;;;;;;;;;;;;;;56°41,4'N;010°03,0'E;564400;6283477
802;Als Odde Bro;0;-1;;;;;;;NK_ALSOD1;;august 2019;Luftfoto Danmark ApS;NK_ALSOD2;;august 2019;Luftfoto Danmark ApS;NK_ALSOD3;Set fra E;august 2019;Luftfoto Danmark ApS;NK_ALSOD4;Set fra W;august 2019;Luftfoto Danmark ApS;;;;;;;;;;;;;;;;;56°42,3'N;010°19,7'E;581389;6285352
426;Hvide Sande Havn;-1;0;JVTHVSND;;;dec 06, 2019 12:00:00 AM;;;JVTHVSND1;Havnen set fra W;juli 2013;Arne Magnussen, Helsingør;JVTHVSND2;Havnen set fra SE;august 2017;JW Luftfoto;JVTHVSND3;Havnen set fra S;august 2017;JW Luftfoto;;;;;;;;;;;;;;;;;;;;;56°00,1'N;008°07,5'E;445367;6206671
458;Sundsøre Lystbådehavn;0;-1;JV_SUNSO;;;jan 12, 2011 12:00:00 AM;;;JV_SUNSO1;;juli 2011;Arne Magnussen, Helsingør;;;;;;;;;;;;;;;;;;;;;;;;;;;;;56°42,6'N;009°10,5'E;510695;6285063
313;Stigsnæsværkets Havn;-1;0;SMTSTGNV;;;jan 10, 2020 12:00:00 AM;;;SMTSTGNV1;;august 1999;Jørgen Schou Reklamefotografi, Odense;;;;;;;;;;;;;;;;;;;;;;;;;;;;;55°12,4'N;011°14,7'E;642895;6120108
309;Stavreby Bådehavn;0;-1;SM_STVBY;;;apr 16, 2003 12:00:00 AM;;;SM_STVBY1;;august 2019;Luftfoto Danmark ApS;SM_STVBY2;;august 2019;Luftfoto Danmark ApS;;;;;;;;;;;;;;;;;;;;;;;;;55°04,8'N;012°08,7'E;700772;6108136
243;Næstved Havn;-1;-1;SMTNASTV;;;aug 22, 2012 12:00:00 AM;;;SMTNASTV1;;juli 2001;Arne Magnussen, Helsingør;SMTNASTV2;;juli 2001;Arne Magnussen, Helsingør;;;;;;;;;;;;;;;;;;;;;;;;;55°13,6'N;011°45,4'E;675224;6123292
241;Nysted Havn;0;-1;SM_NYSTD;;;jun 12, 2020 12:00:00 AM;;;SM_NYSTD1;;juli 2001;Arne Magnussen, Helsingør;;;;;;;;;;;;;;;;;;;;;;;;;;;;;54°39,8'N;011°43,7'E;676010;6060803
242;Nysted Kalkværks Ladebro;0;0;;;;;;;;;;;;;;;;;;;;;;;;;;;;;;;;;;;;;;;54°39,4'N;011°43,9'E;676175;6060011
237;Nykøbing Falster Havn;-1;-1;SMTNYKBF;;;jul 02, 2014 12:00:00 AM;;;SMTNYKBF1;;juli 2011;Arne Magnussen, Helsingør;SM_NYKBF2;Lystbåde- og fiskerihavnen N for kajen ud til sundet;juli 2006;Arne Magnussen, Helsingør;SM_NYKBF3;Lergravsbroen;juli 2006;Arne Magnussen, Helsingør;SM_NYKBF4;Lystbådehavn i Sundby;juli 2006;Arne Magnussen, Helsingør;;;;;;;;;;;;;;;;;54°45,6'N;011°51,7'E;684102;6072684
240;Nyord Havn;0;-1;SM_NYORD;;;jun 09, 2017 12:00:00 AM;;;SM_NYORD1;;august 2019;Luftfoto Danmark ApS;SM_NYORD2;;august 2019;Luftfoto Danmark ApS;SM_NYORD3;;august 2019;Luftfoto Danmark ApS;;;;;;;;;;;;;;;;;;;;;55°02,4'N;012°11,6'E;704054;6103823
233;Nyborg Havn (Lindholm Terminalen);-1;0;LFTLINAV;;;jul 21, 2017 12:00:00 AM;;;LFTLINHL1;;juli 2010;Arne Magnussen, Helsingør;;;;;;;;;;;;;;;;;;;;;;;;;;;;;55°17,9'N;010°48,8'E;614916;6129431
232;Nyborg Havn (Avernakke Terminalen);-1;0;LFTLINAV;LFTAVNAK;;jul 21, 2017 12:00:00 AM;jan 19, 2005 12:00:00 AM;;LFTAVNAK1;;juli 2010;Arne Magnussen, Helsingør;;;;;;;;;;;;;;;;;;;;;;;;;;;;;55°17,9'N;010°47,3'E;613600;6129319
231;Nyborg Marina;0;-1;LFTNYBRG;;;maj 01, 2020 12:00:00 AM;;;LFTNYBRG1;;august 2015;JW Luftfoto;LFTNYBRG2;;august 2015;JW Luftfoto;;;;;;;;;;;;;;;;;;;;;;;;;55°18,4'N;010°47,6'E;613722;6130232
227;Nexø Havn;-1;-1;BOTNEXOE;;;apr 17, 2020 12:00:00 AM;;;BOTNEXOE1;Havnen set fra N;august 2018;Luftfoto Danmark ApS;BOTNEXOE2;Fiskerihavnen;august 2018;Luftfoto Danmark ApS;BOTNEXOE3;Trafikhavnen;august 2018;Luftfoto Danmark ApS;;;;;;;;;;;;;;;;;;;;;55°03,8'N;015°08,1'E;891716;6119055
219;Mommark Havn;0;-1;LF_MOMAK;;;maj 19, 2004 12:00:00 AM;;;LF_MOMAK1;;juli 2014;Arne Magnussen, Helsingør;;;;;;;;;;;;;;;;;;;;;;;;;;;;;54°56,0'N;010°02,7'E;566931;6087845
224;Nakskov Havn;-1;-1;SMTNAKSK;;;apr 24, 2020 12:00:00 AM;;;SMTNAKSK1;;juli 2012;Arne Magnussen, Helsingør;SMTNAKSK2;;juli 2012;Arne Magnussen, Helsingør;SM_NAKSK1;;juli 2012;Arne Magnussen, Helsingør;;;;;;;;;;;;;;;;;;;;;54°50,0'N;011°07,2'E;636354;6078163
409;Fur Havn;0;-1;JV_FURXX;;;apr 20, 2018 12:00:00 AM;;;JV_FURXX1;;august 2015;JW Luftfoto;;;;;;;;;;;;;;;;;;;;;;;;;;;;;56°48,2'N;009°01,2'E;501302;6295461
212;Masnedø Gødningshavn;-1;0;SMTMSNOG;;;apr 24, 2020 12:00:00 AM;;;SMTMSNOG1;;august 2018;Luftfoto Danmark ApS;;;;;;;;;;;;;;;;;;;;;;;;;;;;;54°58,6'N;011°53,6'E;685154;6096067
213;Masnedø Marinecenter;0;-1;SM_MSNOM;;;dec 15, 2017 12:00:00 AM;;;SM_MSNOM1;;august 2019;Luftfoto Danmark ApS;SM_MSNOM2;;august 2019;Luftfoto Danmark ApS;SM_MSNOM3;;august 2019;Luftfoto Danmark ApS;;;;;;;;;;;;;;;;;;;;;54°59,7'N;011°53,4'E;684920;6098071
216;Melsted Havn;0;-1;BO_MELST;;;jun 15, 2005 12:00:00 AM;;;BO_MELST1;;august 2018;Luftfoto Danmark ApS;;;;;;;;;;;;;;;;;;;;;;;;;;;;;55°12,3'N;014°59,0'E;880506;6133916
217;Middelfart Marina;0;-1;LF_MIDFL;;;apr 03, 2013 12:00:00 AM;;;LF_MIDFL1;;august 2009;Arne Magnussen, Helsingør;;;;;;;;;;;;;;;;;;;;;;;;;;;;;55°29,5'N;009°43,7'E;545880;6149838
211;Marstal Havn;-1;-1;LFTMASTL;;;feb 07, 2020 12:00:00 AM;;;LFTMASTL1;Havnen set fra N;juli 2008;Arne Magnussen, Helsingør;LF_MASTL2;Havnen set fra S;juli 2008;Arne Magnussen, Helsingør;;;;;;;;;;;;;;;;;;;;;;;;;54°51,0'N;010°31,4'E;597852;6079435
208;Marina Minde Havn;0;-1;LF_MARMI;;;jul 09, 2003 12:00:00 AM;;;LF_MARMI1;;maj 1997;Jørgen Schou Reklamefotografi, Odense;;;;;;;;;;;;;;;;;;;;;;;;;;;;;54°53,8'N;009°37,2'E;539571;6083527
197;Listed Havn;0;-1;BO_LISTD;;;apr 24, 2020 12:00:00 AM;;;BO_LISTD1;;august 2018;Luftfoto Danmark ApS;;;;;;;;;;;;;;;;;;;;;;;;;;;;;55°08,8'N;015°06,6'E;889164;6128114
199;Lohals Havn;-1;-1;LFTLOHAL;;;mar 13, 2020 12:00:00 AM;;;LFTLOHAL1;;august 2018;Luftfoto Danmark ApS;LFTLOHAL2;;august 2018;Luftfoto Danmark ApS;;;;;;;;;;;;;;;;;;;;;;;;;55°08,0'N;010°54,1'E;621190;6111382
201;Lundeborg Havn;0;-1;LF_LUNBG;;;maj 29, 2020 12:00:00 AM;;;LF_LUNBG1;;juli 2006;Arne Magnussen, Helsingør;;;;;;;;;;;;;;;;;;;;;;;;;;;;;55°08,4'N;010°47,2'E;613893;6111720
466;Varde Havn;0;-1;;;;;;;JV_VARDE1;;maj 1997;Jørgen Schou Reklamefotografi, Odense;;;;;;;;;;;;;;;;;;;;;;;;;;;;;55°37,1'N;008°28,8'E;466991;6163540
467;Venø Havn;0;-1;JV_VENOE;;;sep 01, 2004 12:00:00 AM;;;JV_VENOE1;;august 2004;Arne Magnussen, Helsingør;;;;;;;;;;;;;;;;;;;;;;;;;;;;;56°33,0'N;008°36,9'E;476296;6267435
468;Vilsund Havn;0;-1;JV_VILSU;;;jun 10, 2015 12:00:00 AM;;;JV_VILSU1;;august 2004;Arne Magnussen, Helsingør;;;;;;;;;;;;;;;;;;;;;;;;;;;;;56°53,0'N;008°37,7'E;477392;6304394
423;Hvalpsund Fiskerihavn;0;-1;JV_HVPSF;;;jan 18, 2019 12:00:00 AM;;;JV_HVPSF1;;juli 2006;Arne Magnussen, Helsingør;;;;;;;;;;;;;;;;;;;;;;;;;;;;;56°42,1'N;009°11,6'E;511786;6284109
425;Hvalpsund Lystbådehavn;0;-1;JV_HVPSL;;;dec 07, 2018 12:00:00 AM;;;JV_HVPSL1;;juli 2000;Svend Møller Reklamefotografi, Odense;;;;;;;;;;;;;;;;;;;;;;;;;;;;;56°42,3'N;009°12,1'E;512329;6284666
419;Hjarbæk Havn;0;-1;JV_HJABK;;;mar 24, 2010 12:00:00 AM;;;JV_HJABK1;;juli 2010;Arne Magnussen, Helsingør;;;;;;;;;;;;;;;;;;;;;;;;;;;;;56°31,9'N;009°19,1'E;519573;6265278
384;Aabenraa Havn;-1;0;LFTAABNR;;;maj 15, 2020 12:00:00 AM;;;LFTAABNR1;;juli 2010;Arne Magnussen, Helsingør;;;;;;;;;;;;;;;;;;;;;;;;;;;;;55°02,6'N;009°25,7'E;527365;6099548
385;Aabenraa Lystbådehavn;0;-1;LFTAABNR;;;apr 28, 2017 12:00:00 AM;;;LF_AABNL1;;august 2015;JW Luftfoto;LF_AABNL2;;august 2015;JW Luftfoto;;;;;;;;;;;;;;;;;;;;;;;;;55°02,2'N;009°25,5'E;527149;6098995
310;Stege Havn;-1;-1;SMTSTEGE;;;jun 03, 2009 12:00:00 AM;;;SMTSTEGE1;;juli 2001;Arne Magnussen, Helsingør;SMTSTEGE2;;juli 2001;Arne Magnussen, Helsingør;;;;;;;;;;;;;;;;;;;;;;;;;54°59,1'N;012°16,8'E;709852;6097866
312;Stigsnæs Færgehavn;0;0;;;;;;;SM_STGNF1;;juli 2012;Arne Magnussen, Helsingør;;;;;;;;;;;;;;;;;;;;;;;;;;;;;55°12,8'N;011°14,6'E;642742;6120734
298;Skåninge Bro;0;-1;SM_SKNBR;;;mar 27, 2020 12:00:00 AM;;;SM_SKNBR1;;juli 2005;Arne Magnussen, Helsingør;;;;;;;;;;;;;;;;;;;;;;;;;;;;;54°56,2'N;012°01,7'E;693957;6092013
303;Snogebæk Havn;0;-1;BO_SNGBK;;;jun 15, 2005 12:00:00 AM;;;BO_SNGBK1;;august 2018;Luftfoto Danmark ApS;BO_SNGBK2;;august 2018;Luftfoto Danmark ApS;;;;;;;;;;;;;;;;;;;;;;;;;55°01,5'N;015°07,3'E;891138;6114751
463;Thyborøn Havn;-1;0;JVTTYBRN;JVTTYBRS;ERTTYBRK;nov 08, 2019 12:00:00 AM;dec 13, 2019 12:00:00 AM;apr 12, 2019 12:00:00 AM;JVTTYBRN1;Nord og Sydhavnen set fra S;august 2018;Luftfoto Danmark ApS;JVTTYBRN2;Nordre Inderhavn, Mellemhavn, Bådehavn, Søndre Inderhavn og Forhavn;august 2018;Luftfoto Danmark ApS;JVTTYBRN3;Forhavn, Vestre Inderhavn, Beddingshavn og Yderhavn;august 2018;Luftfoto Danmark ApS;JVTTYBRN4;Yderhavn, Lossehavn og Industrifiskerihavn;august 2018;Luftfoto Danmark ApS;JVTTYBRN5;Industrifiskerihavn og Værftshavn;august 2018;Luftfoto Danmark ApS;JVTTYBRN6;Sydhavn set fra NNE;august 2018;Luftfoto Danmark ApS;JVTTYBRN7;Limfjordskaj;august 2018;Luftfoto Danmark ApS;JVTTYBRN8;Limfjordskaj II;august 2018;Luftfoto Danmark ApS;56°41,9'N;008°13,4'E;452510;6284240
420;Holstebro-Struer Havn;-1;-1;JVTHOLBR;;;jan 18, 2019 12:00:00 AM;;;JVTHOLBR1;Set fra E;juli 2014;Arne Magnussen, Helsingør;JV_HLBRL2;Set fra W;juli 2014;Arne Magnussen, Helsingør;;;;;;;;;;;;;;;;;;;;;;;;;56°29,6'N;008°35,9'E;475068;6261372
422;Humlum Fiskerleje;0;-1;JV_HUMLM;;;apr 13, 2018 12:00:00 AM;;;JV_HUMLM1;;august 2016;JW Luftfoto;;;;;;;;;;;;;;;;;;;;;;;;;;;;;56°32,9'N;008°34,4'E;473878;6267224
380;Ærøskøbing Havn;-1;-1;LFTAERKB;;;nov 15, 2019 12:00:00 AM;;;LFTAERKB1;Møllegab;juli 2001;Arne Magnussen, Helsingør;LFTAERKB2;Ærøskøbing Havn;juli 2001;Arne Magnussen, Helsingør;LF_AERKB3;Vestre Bådehavn;august 2015;JW Luftfoto;;;;;;;;;;;;;;;;;;;;;54°53,6'N;010°24,7'E;590616;6083758
973;Anløbshavnen Amager Strand;0;-1;SU_KASRS;;;sep 30, 2015 12:00:00 AM;;;SU_AMARH1;;august 2016;JW Luftfoto;;;;;;;;;;;;;;;;;;;;;;;;;;;;;55°38,9'N;012°39,0'E;729637;6172935
304;Sortsø Lystbådehavn (Sukkerbroen);0;-1;SM_SORTS;;;apr 02, 2008 12:00:00 AM;;;SM_SORTS1;;september 2007;Arne Magnussen, Helsingør;;;;;;;;;;;;;;;;;;;;;;;;;;;;;54°54,9'N;011°58,9'E;691164;6089429
305;Sottrupskov Bro;0;-1;;;;;;;LF_SOTBR1;;maj 1997;Jørgen Schou Reklamefotografi, Odense;;;;;;;;;;;;;;;;;;;;;;;;;;;;;54°58,3'N;009°44,7'E;547755;6091811
306;Spodsbjerg Havn;0;-1;LF_SPDBJ;;;jul 06, 2016 12:00:00 AM;;;LF_SPDBJ1;;august 2018;Luftfoto Danmark ApS;LF_SPDBJ2;;august 2018;Luftfoto Danmark ApS;;;;;;;;;;;;;;;;;;;;;;;;;54°56,0'N;010°50,0'E;617554;6088951
307;Sprogø Havn;0;0;;;;;;;SM_SPROG1;;maj 1997;Jørgen Schou Reklamefotografi, Odense;;;;;;;;;;;;;;;;;;;;;;;;;;;;;55°19,7'N;010°58,0'E;624786;6133162
461;Thorsminde Havn;-1;-1;JVTTORMI;;;jan 08, 2014 12:00:00 AM;;;JVTTORMI1;;juli 2005;Arne Magnussen, Helsingør;JVTTORMI2;Vesthavn;juli 2013;Arne Magnussen, Helsingør;;;;;;;;;;;;;;;;;;;;;;;;;56°22,3'N;008°07,1'E;445554;6247847
462;Thyborøn Færgeleje;0;0;JVTTYBRS;;;mar 08, 2019 12:00:00 AM;;;JV_TYBRF1;;august 2018;Luftfoto Danmark ApS;JV_TYBRF2;;august 2018;Luftfoto Danmark ApS;;;;;;;;;;;;;;;;;;;;;;;;;56°41,1'N;008°13,5'E;452611;6282499
418;Hirtshals Havn;-1;-1;JVTHIRSH;;;sep 30, 2015 12:00:00 AM;;;JVTHIRSH1;;august 2004;Arne Magnussen, Helsingør;JVTHIRSH2;E-lige del;august 2004;Arne Magnussen, Helsingør;JVTHIRSH3;W-lige del;august 2004;Arne Magnussen, Helsingør;;;;;;;;;;;;;;;;;;;;;57°35,7'N;009°57,7'E;557699;6384082
377;Vordingborg Havn;-1;0;SMTVODBG;;;mar 27, 2020 12:00:00 AM;;;SMTVODBG1;Set fra N;august 2019;Luftfoto Danmark ApS;SMTVODBG2;Set fra NE;august 2019;Luftfoto Danmark ApS;SMTVODBG3;Set fra SW;august 2019;Luftfoto Danmark ApS;SMTVODBG4;Set fra SE;august 2019;Luftfoto Danmark ApS;;;;;;;;;;;;;;;;;54°59,7'N;011°53,9'E;684264;6098405
378;Ydernæs Fritidshavn;0;-1;;;;;;;SM_YDERN1;;august 2016;JW Luftfoto;;;;;;;;;;;;;;;;;;;;;;;;;;;;;55°12,4'N;011°43,2'E;673052;6121095
437;Nees Sund Færgelejer;0;0;;;;;;;JV_NESSU1;Mors Færgeleje;august 2019;Luftfoto Danmark ApS;JV_NESSU2;Thy Færgeleje;august 2019;Luftfoto Danmark ApS;JV_NESSU3;Mors Færgeleje;august 2019;Luftfoto Danmark ApS;JV_NESSU4;Thy Færgeleje;august 2019;Luftfoto Danmark ApS;;;;;;;;;;;;;;;;;56°44,3'N;008°29,8'E;469246;6288628
295;Skærbæk Havn;0;-1;LF_SKRBK;;;dec 01, 2017 12:00:00 AM;;;LF_SKRBK1;;august 2018;Luftfoto Danmark ApS;;;;;;;;;;;;;;;;;;;;;;;;;;;;;55°30,8'N;009°37,7'E;539705;6151972
296;Skærbækværkets Havn;-1;0;LFTSKRBV;;;feb 10, 2017 12:00:00 AM;;;LFTSKRBV1;;august 2018;Luftfoto Danmark ApS;LFTSKRBV2;;august 2018;Luftfoto Danmark ApS;;;;;;;;;;;;;;;;;;;;;;;;;55°30,6'N;009°37,1'E;538840;6151717
456;Storodde Havn;-1;0;;;;;;;JV_STODE1;;august 2019;Luftfoto Danmark ApS;JV_STODE2;;august 2019;Luftfoto Danmark ApS;;;;;;;;;;;;;;;;;;;;;;;;;56°56,9'N;008°43,3'E;483071;6311758
460;Thisted Havn;-1;-1;JVTTISST;;;jan 31, 2020 12:00:00 AM;;;JVTTISST1;Set fra SE;august 2019;Luftfoto Danmark ApS;JVTTISST2;Set fra N;august 2019;Luftfoto Danmark ApS;JVTTISST3;Lystbådehavn;august 2019;Luftfoto Danmark ApS;JVTTISST4;Lystbådehavn;august 2019;Luftfoto Danmark ApS;JVTTISST5;Trafikhavn og Østhavn;august 2019;Luftfoto Danmark ApS;;;;;;;;;;;;;56°57,1'N;008°41,9'E;481616;6312151
452;Skaven Havn;0;-1;JV_SKAVN;;;apr 20, 2005 12:00:00 AM;;;JV_SKAVN1;;maj 1997;Jørgen Schou Reklamefotografi, Odense;;;;;;;;;;;;;;;;;;;;;;;;;;;;;55°53,6'N;008°21,6'E;459953;6194383
416;Haverslev Jolle- og Lystbådehavn;0;-1;JV_HVRSL;;;jun 05, 2020 12:00:00 AM;;;JV_HVRSL1;;august 2019;Luftfoto Danmark ApS;JV_HVRSL2;;august 2019;Luftfoto Danmark ApS;;;;;;;;;;;;;;;;;;;;;;;;;57°01,8'N;009°24,0'E;524409;6320613
417;Hemmet Havn;0;-1;;;;;;;JV_HEMMT1;;maj 1997;Jørgen Schou Reklamefotografi, Odense;;;;;;;;;;;;;;;;;;;;;;;;;;;;;55°52,2'N;008°19,7'E;457874;6191810
376;Vordingborg Nordhavn;0;-1;SM_VODBN;;;maj 31, 2019 12:00:00 AM;;;SM_VODBN1;;juli 2005;Arne Magnussen, Helsingør;;;;;;;;;;;;;;;;;;;;;;;;;;;;;55°00,1'N;011°55,0'E;686628;6099016
364;Vesterby Havn;-1;0;SM_VSTRB;;;jun 07, 2019 12:00:00 AM;;;SM_VSTRB1;;juli 2003;Arne Magnussen, Helsingør;;;;;;;;;;;;;;;;;;;;;;;;;;;;;54°56,1'N;011°22,4'E;652009;6090169
365;Vesterrøn Havn;0;-1;LF_VSTRN;;;apr 16, 2003 12:00:00 AM;;;LF_VSTRN1;;maj 1997;Jørgen Schou Reklamefotografi, Odense;;;;;;;;;;;;;;;;;;;;;;;;;;;;;55°01,9'N;010°31,9'E;597936;6099457
288;Marina Toft;0;-1;LF_MATOF;;;maj 24, 2019 12:00:00 AM;;;LF_MATOF1;;juli 2011;Arne Magnussen, Helsingør;;;;;;;;;;;;;;;;;;;;;;;;;;;;;54°54,5'N;009°35,9'E;538393;6084812
293;Skælskør Havn;-1;-1;SMTSKLSK;;;nov 14, 2012 12:00:00 AM;;;SMTSKLSK1;;maj 1997;Jørgen Schou Reklamefotografi, Odense;;;;;;;;;;;;;;;;;;;;;;;;;;;;;55°15,1'N;011°17,2'E;645500;6125308
453;Skive Havn;-1;0;JVTSKIVE;;;jul 20, 2018 12:00:00 AM;;;JVTSKIVE1;Havnen set fra S;august 2018;Luftfoto Danmark ApS;JVTSKIVE2;Sydhavnen;august 2018;Luftfoto Danmark ApS;JVTSKIVE3;Fiskerihavnen;august 2018;Luftfoto Danmark ApS;;;;;;;;;;;;;;;;;;;;;56°34,2'N;009°03,3'E;503427;6269392
454;Skive Søsportshavn;0;-1;JVTSKIVE;;;jul 20, 2018 12:00:00 AM;;;JV_SKIVS1;;august 2018;Luftfoto Danmark ApS;;;;;;;;;;;;;;;;;;;;;;;;;;;;;56°34,5'N;009°03,2'E;503335;6270074
415;Hanstholm Havn;-1;0;JVTHANHL;ERTHANSH;;mar 20, 2020 12:00:00 AM;maj 10, 2019 12:00:00 AM;;JVTHANHL1;Set fra NE;august 2019;Luftfoto Danmark ApS;JVTHANHL2;Set fra SW;august 2019;Luftfoto Danmark ApS;JVTHANHL3;Forhavn;august 2019;Luftfoto Danmark ApS;JVTHANHL4;Bassin 4, 5 og 6;august 2019;Luftfoto Danmark ApS;JVTHANHL5;Bassin 1 og 2;august 2019;Luftfoto Danmark ApS;JVTHANHL6;Bassin 3;august 2019;Luftfoto Danmark ApS;JVTHANHL7;Nyt bassin under etablering;august 2019;Luftfoto Danmark ApS;;;;;57°07,4'N;008°35,7'E;475432;6331315
370;Vindeby Lystbådehavn;0;-1;LF_VNBYL;;;aug 10, 2005 12:00:00 AM;;;LF_VNBYL1;;maj 1997;Jørgen Schou Reklamefotografi, Odense;;;;;;;;;;;;;;;;;;;;;;;;;;;;;55°03,0'N;010°36,9'E;603164;6101497
371;Vindebyøre Bro;0;-1;;;;;;;LF_VNBYB1;;maj 1997;Jørgen Schou Reklamefotografi, Odense;;;;;;;;;;;;;;;;;;;;;;;;;;;;;55°03,3'N;010°37,9'E;604187;6102254
357;Vasebro;0;-1;;;;;;;SM_VASBR1;;maj 1997;Jørgen Schou Reklamefotografi, Odense;;;;;;;;;;;;;;;;;;;;;;;;;;;;;55°14,8'N;011°14,8'E;642816;6124436
361;Vejrø Havn;0;-1;SM_VEJRO;;;jul 17, 2013 12:00:00 AM;;;SM_VEJRO1;;september 2007;Arne Magnussen, Helsingør;;;;;;;;;;;;;;;;;;;;;;;;;;;;;55°02,1'N;011°22,5'E;651832;6101239
279;Sandvig Fiskerihavn;0;-1;SM_SANVF;;;apr 16, 2003 12:00:00 AM;;;SM_SANVF1;;august 2019;Luftfoto Danmark ApS;SM_SANVF2;;august 2019;Luftfoto Danmark ApS;;;;;;;;;;;;;;;;;;;;;;;;;55°03,6'N;012°07,4'E;699504;6105982
280;Sandvig Havn;0;-1;BO_SANVI;;;okt 13, 2010 12:00:00 AM;;;BO_SANVI1;;august 2018;Luftfoto Danmark ApS;;;;;;;;;;;;;;;;;;;;;;;;;;;;;55°17,4'N;014°47,0'E;867020;6142249
285;Skalø Havn;0;-1;;;;;;;SM_SKALO1;;maj 1997;Jørgen Schou Reklamefotografi, Odense;;;;;;;;;;;;;;;;;;;;;;;;;;;;;54°57,4'N;011°21,4'E;650904;6092484
286;Skarø Havn;0;-1;LF_SKARO;;;mar 27, 2020 12:00:00 AM;;;LF_SKARO1;;maj 1997;Jørgen Schou Reklamefotografi, Odense;;;;;;;;;;;;;;;;;;;;;;;;;;;;;55°00,6'N;010°28,3'E;594166;6097007
449;Rømø Havn;-1;-1;JVTROEMO;;;jul 19, 2019 12:00:00 AM;;;JVTROEMO1;;juli 2012;Arne Magnussen, Helsingør;;;;;;;;;;;;;;;;;;;;;;;;;;;;;55°05,2'N;008°34,2'E;472572;6104550
450;Rønbjerg Havn;0;-1;JV_RONBJ;;;okt 07, 2015 12:00:00 AM;;;JV_RONBJ1;;august 2019;Luftfoto Danmark ApS;JV_RONBJ2;;august 2019;Luftfoto Danmark ApS;JV_RONBJ3;;august 2019;Luftfoto Danmark ApS;;;;;;;;;;;;;;;;;;;;;56°53,5'N;009°10,0'E;510088;6305357
451;Sillerslev Havn;0;-1;JV_SILSL;;;apr 16, 2003 12:00:00 AM;;;JV_SILSL1;;august 2019;Luftfoto Danmark ApS;JV_SILSL2;;august 2019;Luftfoto Danmark ApS;JV_SILSL3;;august 2019;Luftfoto Danmark ApS;;;;;;;;;;;;;;;;;;;;;56°40,9'N;008°43,8'E;483476;6281868
412;Gyldendal Lystbådehavn;0;-1;JV_GYNDL;;;maj 26, 2016 12:00:00 AM;;;JV_GYNDL1;;juli 2014;Arne Magnussen, Helsingør;;;;;;;;;;;;;;;;;;;;;;;;;;;;;56°34,8'N;008°42,7'E;482161;6270648
414;Hals Havn;-1;-1;JVTHALSX;;;apr 24, 2020 12:00:00 AM;;;JVTHALSX1;;august 2004;Arne Magnussen, Helsingør;JVTHALSX2;W-lige bassin;august 2004;Arne Magnussen, Helsingør;;;;;;;;;;;;;;;;;;;;;;;;;56°59,4'N;010°18,4'E;579527;6316999
407;Fanø Lystbådehavn;0;-1;JV_NORBY;JV_FANOE;;jul 17, 2013 12:00:00 AM;apr 16, 2003 12:00:00 AM;;JV_FANOE1;;september 2002;Arne Magnussen, Helsingør;JV_FANOE2;;september 2002;Arne Magnussen, Helsingør;;;;;;;;;;;;;;;;;;;;;;;;;55°26,6'N;008°24,5'E;462594;6144324
347;Tårs Færgehavn;0;0;;;;;;;SM_TAARF1;;maj 1997;Jørgen Schou Reklamefotografi, Odense;;;;;;;;;;;;;;;;;;;;;;;;;;;;;54°52,6'N;011°01,7'E;630127;6082840
351;Urne Fiskerihavn;0;-1;;;;;;;SM_URNEF1;;juli 2012;Arne Magnussen, Helsingør;;;;;;;;;;;;;;;;;;;;;;;;;;;;;54°57,1'N;011°17,1'E;646313;6091828
353;Vang Havn;0;-1;BO_VANGX;;;maj 26, 2016 12:00:00 AM;;;BO_VANGX1;;august 2018;Luftfoto Danmark ApS;;;;;;;;;;;;;;;;;;;;;;;;;;;;;55°14,9'N;014°44,2'E;864421;6137490
354;Vang Pier;-1;0;BOTVANGP;;;jan 23, 2013 12:00:00 AM;;;BOTVANGP1;;august 2018;Luftfoto Danmark ApS;;;;;;;;;;;;;;;;;;;;;;;;;;;;;55°14,7'N;014°43,9'E;864023;6137090
356;Varnæs Vig Bro;0;-1;;;;;;;LF_VARBR1;;maj 1997;Jørgen Schou Reklamefotografi, Odense;;;;;;;;;;;;;;;;;;;;;;;;;;;;;55°02,2'N;009°34,0'E;536378;6098819
273;Nørrekås Lystbådehavn;0;-1;BO_NORKS;;;jun 08, 2018 12:00:00 AM;;;BO_NORKS1;Set fra SW;august 2018;Luftfoto Danmark ApS;BO_NORKS2;Set fra NW;august 2019;Luftfoto Danmark ApS;;;;;;;;;;;;;;;;;;;;;;;;;55°06,3'N;014°41,6'E;863065;6121357
277;Sakskøbing Havn;0;-1;SMTSAKKB;;;nov 08, 2006 12:00:00 AM;;;SMTSAKKB1;;juli 2005;Arne Magnussen, Helsingør;;;;;;;;;;;;;;;;;;;;;;;;;;;;;54°48,2'N;011°38,1'E;669351;6076040
937;Handbjerg Marina;0;-1;JV_HANDM;;;maj 26, 2016 12:00:00 AM;;;JV_HANDM1;Set fra N;august 2019;Luftfoto Danmark ApS;JV_HANDM2;Set fra W;august 2019;Luftfoto Danmark ApS;JV_HANDM3;Set fra S;august 2019;Luftfoto Danmark ApS;;;;;;;;;;;;;;;;;;;;;56°28,8'N;008°43,2'E;482749;6259625
278;Sakskøbing Lystbådehavn;0;-1;SM_SAKKB;;;sep 02, 2009 12:00:00 AM;;;SM_SAKKB1;;maj 1997;Jørgen Schou Reklamefotografi, Odense;;;;;;;;;;;;;;;;;;;;;;;;;;;;;54°48,7'N;011°37,2'E;668369;6076956
445;Oddesund Nord Lystbåde- og Fiskerihavn;0;-1;JV_ODESU;;;maj 29, 2020 12:00:00 AM;;;JV_ODESU1;;august 2016;JW Luftfoto;;;;;;;;;;;;;;;;;;;;;;;;;;;;;56°35,0'N;008°33,0'E;472356;6271053
446;Remmerstrand Jollehavn;0;-1;;;;;;;JV_REMMR1;;august 2019;Luftfoto Danmark ApS;JV_REMMR2;;august 2019;Luftfoto Danmark ApS;;;;;;;;;;;;;;;;;;;;;;;;;56°32,9'N;008°29,8'E;469027;6267210
447;Ribe Havn;0;-1;;;;;;;JV_RIBEX1;Kammerslusen og Ribe Å;maj 1997;Jørgen Schou Reklamefotografi, Odense;;;;;;;;;;;;;;;;;;;;;;;;;;;;;55°20,4'N;008°40,7'E;479580;6132595
448;Ringkøbing Havn;0;-1;JVTRINKB;;;mar 15, 2019 12:00:00 AM;;;JVTRINKB1;;september 2002;Arne Magnussen, Helsingør;;;;;;;;;;;;;;;;;;;;;;;;;;;;;56°05,2'N;008°14,4'E;452605;6216032
408;Feggesund Færgelejer;0;0;;;;;;;JV_FEGSU1;;juli 2013;Arne Magnussen, Helsingør;;;;;;;;;;;;;;;;;;;;;;;;;;;;;56°58,7'N;008°55,2'E;495133;6314944
410;Gjøl Fiskeri- og Lystbådehavn;0;-1;JV_GJOEL;;;nov 23, 2018 12:00:00 AM;;;JV_GJOEL1;;august 2019;Luftfoto Danmark ApS;JV_GJOEL2;;august 2019;Luftfoto Danmark ApS;;;;;;;;;;;;;;;;;;;;;;;;;57°03,7'N;009°42,0'E;542513;6324516
411;Glyngøre Havn;0;-1;JV_GLYNG;;;nov 23, 2018 12:00:00 AM;;;JV_GLYNG1;;september 2007;Arne Magnussen, Helsingør;;;;;;;;;;;;;;;;;;;;;;;;;;;;;56°45,8'N;008°51,9'E;491714;6291167
341;Troense Dampskibsbro og Bådehavn;0;-1;LF_TRONS;;;sep 07, 2011 12:00:00 AM;;;LF_TRONS1;;juli 2011;Arne Magnussen, Helsingør;;;;;;;;;;;;;;;;;;;;;;;;;;;;;55°02,1'N;010°38,7'E;605168;6099893
344;Tærø Havn;0;0;;;;;;;SM_TAERO1;;august 2019;Luftfoto Danmark ApS;SM_TAERO2;;august 2019;Luftfoto Danmark ApS;;;;;;;;;;;;;;;;;;;;;;;;;54°57,4'N;012°04,9'E;697353;6094313
346;Tårs Fiskeri- og Lystbådehavn;0;-1;SM_TAARS;;;maj 02, 2007 12:00:00 AM;;;SM_TAARS1;;juli 2005;Arne Magnussen, Helsingør;;;;;;;;;;;;;;;;;;;;;;;;;;;;;54°52,7'N;011°01,4'E;629858;6083044
272;Rønne Havn;-1;-1;BOTRONNE;;;jun 12, 2020 12:00:00 AM;;;BOTRONNE1;Set fra W;august 2019;Luftfoto Danmark ApS;BOTRONNE2;Forhavnsbassinet;august 2019;Luftfoto Danmark ApS;BOTRONNE3;Nordhavnen og Forhavnsbassinet;august 2019;Luftfoto Danmark ApS;BOTRONNE4;Søndre Bådehavn;august 2018;Luftfoto Danmark ApS;BOTRONNE5;Forhavnen, Krydstogtskajen, Vesthavnen og Nordhavnen;august 2019;Luftfoto Danmark ApS;BOTRONNE6;Sydhavnen;august 2019;Luftfoto Danmark ApS;BOTRONNE7;;august 2019;Luftfoto Danmark ApS;BOTRONNE8;;august 2019;Luftfoto Danmark ApS;55°05,9'N;014°41,8'E;862881;6120280
442;Nykøbing Mors Havn;-1;-1;JVTNYKBM;;;mar 23, 2018 12:00:00 AM;;;JVTNYKBM1;;august 2019;Luftfoto Danmark ApS;JVTNYKBM2;;august 2019;Luftfoto Danmark ApS;;;;;;;;;;;;;;;;;;;;;;;;;56°47,6'N;008°52,0'E;491876;6294413
319;Stubberup Havn;0;-1;SM_STBRP;;;jul 13, 2016 12:00:00 AM;;;SM_STBRP1;;maj 1997;Jørgen Schou Reklamefotografi, Odense;;;;;;;;;;;;;;;;;;;;;;;;;;;;;54°39,8'N;011°41,4'E;673464;6060724
443;Nørre Uttrup Lystbådehavn;0;-1;JV_NRUTR;;;aug 27, 2014 12:00:00 AM;;;JV_NRUTR1;;juli 2006;Arne Magnussen, Helsingør;;;;;;;;;;;;;;;;;;;;;;;;;;;;;57°04,2'N;009°57,4'E;558059;6325669
444;Nørresundby Lystbådehavn;0;-1;JV_NRSBY;;;okt 20, 2004 12:00:00 AM;;;JV_NRSBY1;;juli 2013;Arne Magnussen, Helsingør;;;;;;;;;;;;;;;;;;;;;;;;;;;;;57°03,4'N;009°55,2'E;555795;6324080
405;Esbjerg Havn;-1;-1;;;;;;;JVTESBJN1;Nordhavn;august 2017;JW Luftfoto;JVTESBJN2;Nordhavn;juli 2013;Arne Magnussen, Helsingør;JVTESBJN3;Trafikhavn;juli 2013;Arne Magnussen, Helsingør;JVTESBJS1; Dokhavn og Sydhavn;juli 2013;Arne Magnussen, Helsingør;JVTESBJS2;Atlantkaj, Australienskaj og Arieskaj i Sydhavn;juli 2013;Arne Magnussen, Helsingør;JVTESBJE1;Syd- og Østhavn;juli 2013;Arne Magnussen, Helsingør;JVTESBJE2;Østhavn;august 2017;JW Luftfoto;;;;;55°28,3'N;008°25,3'E;463680;6146885
404;Egense Lystbådehavn;0;-1;JV_EGENS;;;maj 25, 2018 12:00:00 AM;;;JV_EGENS1;;juli 2000;Svend Møller Reklamefotografi, Odense;;;;;;;;;;;;;;;;;;;;;;;;;;;;;56°59,0'N;010°18,4'E;579408;6316322
399;Attrup Havn;0;-1;JV_ATRUP;;;maj 03, 2019 12:00:00 AM;;;JV_ATRUP1;;august 2004;Arne Magnussen, Helsingør;;;;;;;;;;;;;;;;;;;;;;;;;;;;;57°02,3'N;009°27,3'E;527643;6321597
1081;Thorup Strand;0;0;;;;;;;JV_THOST1;;januar 2019;Simon T. Vammen, GST;JV_THOST2;;januar 2019;Simon T. Vammen, GST;JV_THOST3;;januar 2019;Simon T. Vammen, GST;;;;;;;;;;;;;;;;;;;;;57°08,4'N;009°07,6'E;507668;6333030
335;Sønderborg Lystbådehavn;0;-1;LF_SONBL;;;jul 15, 2015 12:00:00 AM;;;LF_SONBL1;;maj 1997;Jørgen Schou Reklamefotografi, Odense;;;;;;;;;;;;;;;;;;;;;;;;;;;;;54°53,9'N;009°47,8'E;550843;6083790
336;Teglkås Bådehavn;0;-1;BO_TELKS;;;jul 13, 2016 12:00:00 AM;;;BO_TELKS1;;august 2018;Luftfoto Danmark ApS;;;;;;;;;;;;;;;;;;;;;;;;;;;;;55°13,4'N;014°42,7'E;863117;6134464
337;Tejn Havn;-1;-1;BOTTEJNX;;;sep 29, 2010 12:00:00 AM;;;BOTTEJNX1;;august 2018;Luftfoto Danmark ApS;;;;;;;;;;;;;;;;;;;;;;;;;;;;;55°14,9'N;014°50,2'E;870829;6138062
332;Sønderballe Bådehavn;0;-1;LF_SONBA;;;apr 06, 2011 12:00:00 AM;;;LF_SONBA1;;juli 2010;Arne Magnussen, Helsingør;;;;;;;;;;;;;;;;;;;;;;;;;;;;;55°07,8'N;009°28,9'E;530596;6109332
268;Rødbyhavn;-1;-1;SMTRODBY;;;jun 28, 2019 12:00:00 AM;;;SMTRODBY1;Færgehavnen;august 2015;JW Luftfoto;SMTRODBY2;Vestre Havn og Nordre Havn;august 2015;JW Luftfoto;;;;;;;;;;;;;;;;;;;;;;;;;54°39,3'N;011°20,7'E;651464;6058581
439;Nordby Havn;0;-1;JV_NORBY;;;okt 07, 2015 12:00:00 AM;;;JV_NORBY1;;september 2002;Arne Magnussen, Helsingør;;;;;;;;;;;;;;;;;;;;;;;;;;;;;55°27,0'N;008°24,5'E;462619;6145071
440;Norden Bro;0;0;JV_NDRBR;;;maj 26, 2016 12:00:00 AM;;;JV_NDRBR1;;juli 2013;Arne Magnussen, Helsingør;;;;;;;;;;;;;;;;;;;;;;;;;;;;;57°03,2'N;009°51,9'E;552487;6323626
436;Mou Bro;0;-1;JV_MOUBR;;;feb 28, 2020 12:00:00 AM;;;JV_MOUBR1;;juli 2012;Arne Magnussen, Helsingør;;;;;;;;;;;;;;;;;;;;;;;;;;;;;56°58,9'N;010°13,6'E;574596;6315968
333;Sønderborg Havn;-1;-1;LFTSONBG;;;jan 10, 2020 12:00:00 AM;;;LFTSONBG1;Sønderborg Nord;juli 2008;Arne Magnussen, Helsingør;LFTSONBG2;Sønderborg Syd;juli 2008;Arne Magnussen, Helsingør;;;;;;;;;;;;;;;;;;;;;;;;;54°54,8'N;009°46,9'E;550230;6084999
326;Svendborg Lystbådehavn;0;-1;LF_SVNBL;;;aug 27, 2014 12:00:00 AM;;;LF_SVNBL1;;august 2018;Luftfoto Danmark ApS;;;;;;;;;;;;;;;;;;;;;;;;;;;;;55°03,1'N;010°36,7'E;603012;6101775
266;Rudkøbing Havn;-1;-1;LFTRUDKB;;;jul 13, 2018 12:00:00 AM;;;LFTRUDKB1;Havnen set fra SW;august 2018;Luftfoto Danmark ApS;LF_RUDKB1;Lystbådehavn;august 2018;Luftfoto Danmark ApS;LF_RUDKB2;Fiskerihavn;august 2018;Luftfoto Danmark ApS;LFTRUDKB2;Trafikhavn;august 2018;Luftfoto Danmark ApS;;;;;;;;;;;;;;;;;54°56,5'N;010°42,7'E;609361;6089483
438;Nibe Lystbådehavn;0;-1;JV_NIBEX;;;jul 10, 2019 12:00:00 AM;;;JV_NIBEX1;;juli 2006;Arne Magnussen, Helsingør;;;;;;;;;;;;;;;;;;;;;;;;;;;;;56°59,3'N;009°38,0'E;538435;6316227
401;Branden Bro;0;0;JV_BRNBR;;;jan 13, 2016 12:00:00 AM;;;JV_BRNBR1;;august 2015;JW Luftfoto;;;;;;;;;;;;;;;;;;;;;;;;;;;;;56°48,0'N;009°01,5'E;501558;6295165
402;Doverodde Havn;0;-1;JV_DVROD;;;maj 18, 2018 12:00:00 AM;;;JV_DVROD1;;september 2007;Arne Magnussen, Helsingør;;;;;;;;;;;;;;;;;;;;;;;;;;;;;56°43,1'N;008°28,4'E;467825;6286042
403;Egense Færgeleje;0;0;;;;;;;JV_EGENF1;;juli 2000;Svend Møller Reklamefotografi, Odense;;;;;;;;;;;;;;;;;;;;;;;;;;;;;56°59,2'N;010°18,2'E;579181;6316614
394;Agger Færgeleje;0;0;;;;;;;JV_AGGRF1;;august 2019;Luftfoto Danmark ApS;JV_AGGRF2;;august 2019;Luftfoto Danmark ApS;JV_AGGRF3;;august 2019;Luftfoto Danmark ApS;;;;;;;;;;;;;;;;;;;;;56°42,1'N;008°14,8'E;453921;6284386
395;Agger Havn;-1;-1;JVTAGGER;;;maj 18, 2018 12:00:00 AM;;;JVTAGGER1;;august 2016;JW Luftfoto;;;;;;;;;;;;;;;;;;;;;;;;;;;;;56°46,7'N;008°15,4'E;454504;6292775
327;Svendborg Sund Marina;0;-1;LF_SVNBM;;;aug 17, 2011 12:00:00 AM;;;LF_SVNBM1;;august 2018;Luftfoto Danmark ApS;;;;;;;;;;;;;;;;;;;;;;;;;;;;;55°03,3'N;010°38,7'E;605036;6102129
328;Svinø Broer;0;-1;;;;;;;LF_SVIBR1;;maj 1997;Jørgen Schou Reklamefotografi, Odense;;;;;;;;;;;;;;;;;;;;;;;;;;;;;55°27,5'N;009°47,8'E;550360;6146187
330;Søby Havn;-1;-1;LFTSOEBY;;;maj 03, 2019 12:00:00 AM;;;LFTSOEBY1;;juli 2006;Arne Magnussen, Helsingør;;;;;;;;;;;;;;;;;;;;;;;;;;;;;54°56,5'N;010°15,6'E;580612;6089186
331;Søfartsskolebroen;0;0;;;;;;;LF_SKOBR1;;maj 1997;Jørgen Schou Reklamefotografi, Odense;;;;;;;;;;;;;;;;;;;;;;;;;;;;;55°02,5'N;010°34,6'E;600737;6100621
258;Rantzausminde Lystbådehavn;0;-1;LF_RNZAM;;;maj 19, 2004 12:00:00 AM;;;LF_RNZAM1;;august 2018;Luftfoto Danmark ApS;;;;;;;;;;;;;;;;;;;;;;;;;;;;;55°02,0'N;010°32,6'E;598535;6099627
263;Ristinge Havn;0;-1;LF_RSTIN;;;aug 31, 2016 12:00:00 AM;;;LF_RSTIN1;;maj 1997;Jørgen Schou Reklamefotografi, Odense;;;;;;;;;;;;;;;;;;;;;;;;;;;;;54°50,0'N;010°38,2'E;605144;6077480
434;Løkken Læmole;0;0;;;;;;;JV_LOKKN1;;maj 1997;Jørgen Schou Reklamefotografi, Odense;;;;;;;;;;;;;;;;;;;;;;;;;;;;;57°22,4'N;009°42,1'E;542333;6359044
435;Marina Fjordparken, Aalborg;0;-1;JV_MARFP;;;apr 16, 2003 12:00:00 AM;;;JV_MARFP1;;juli 2012;Arne Magnussen, Helsingør;;;;;;;;;;;;;;;;;;;;;;;;;;;;;57°03,4'N;009°52,5'E;553085;6324008
430;Lemvig Havn;-1;-1;JVTLEMVI;;;maj 08, 2020 12:00:00 AM;;;JVTLEMVI1;Set fra NW;august 2016;JW Luftfoto;JVTLEMVI2;Gl. Havn og Østre Havn set fra N;august 2016;JW Luftfoto;;;;;;;;;;;;;;;;;;;;;;;;;56°33,1'N;008°18,3'E;457342;6267711
396;Aggersund Havn;-1;0;;;;;;;KOBAGGSU1;;juli 2013;Arne Magnussen, Helsingør;;;;;;;;;;;;;;;;;;;;;;;;;;;;;57°00,0'N;009°17,5'E;517739;6317386
397;Aggersund Kalkværks Udskibningsbro;-1;0;;;;;;;JV_AGGKV1;;august 2016;JW Luftfoto;;;;;;;;;;;;;;;;;;;;;;;;;;;;;56°59,6'N;009°17,3'E;517518;6316682
398;Amtoft Havn;0;-1;JV_AMTFT;;;okt 07, 2015 12:00:00 AM;;;JV_AMTFT1;;juli 2013;Arne Magnussen, Helsingør;;;;;;;;;;;;;;;;;;;;;;;;;;;;;57°00,3'N;008°56,6'E;496554;6317965
391;Årsdale Havn;0;-1;BO_ARDAL;;;mar 16, 2018 12:00:00 AM;;;BO_ARDAL1;;august 2018;Luftfoto Danmark ApS;BO_ARDAL2;;august 2018;Luftfoto Danmark ApS;;;;;;;;;;;;;;;;;;;;;;;;;55°06,5'N;015°08,7'E;891808;6124049
322;Svaneke Havn;-1;-1;BOTSVANK;;;okt 26, 2018 12:00:00 AM;;;BOTSVANK1;Set fra S;august 2019;Luftfoto Danmark ApS;BOTSVANK2;Set fra NW;august 2019;Luftfoto Danmark ApS;BOTSVANK3;Set fra S;august 2019;Luftfoto Danmark ApS;;;;;;;;;;;;;;;;;;;;;55°08,2'N;015°08,7'E;891526;6127183
244;Næstved Kanalhavn;0;-1;SM_NASTK;;;aug 06, 2014 12:00:00 AM;;;SM_NASTK1;;august 2016;JW Luftfoto;;;;;;;;;;;;;;;;;;;;;;;;;;;;;55°12,5'N;011°42,9'E;672729;6121295
249;Omø Havn (Kirkehavn);0;-1;SM_OMOEX;;;maj 03, 2006 12:00:00 AM;;;SM_OMOEX1;;juli 2006;Arne Magnussen, Helsingør;;;;;;;;;;;;;;;;;;;;;;;;;;;;;55°10,3'N;011°09,6'E;637605;6116014
250;Onsevig Havn;0;-1;SM_ONSVI;;;apr 16, 2003 12:00:00 AM;;;SM_ONSVI1;;juli 2012;Arne Magnussen, Helsingør;;;;;;;;;;;;;;;;;;;;;;;;;;;;;54°56,8'N;011°06,5'E;634983;6090946
251;Oreby Bro;0;-1;SM_ORBBR;;;maj 04, 2018 12:00:00 AM;;;SM_ORBBR1;;maj 1997;Jørgen Schou Reklamefotografi, Odense;;;;;;;;;;;;;;;;;;;;;;;;;;;;;54°49,6'N;011°35,6'E;666578;6078593
431;Lemvig Marina;0;-1;JV_LEMVM;;;apr 16, 2003 12:00:00 AM;;;JV_LEMVM1;Set fra E;august 2019;Luftfoto Danmark ApS;JV_LEMVM2;Set fra W;august 2019;Luftfoto Danmark ApS;JV_LEMVM3;Set fra S;august 2019;Luftfoto Danmark ApS;;;;;;;;;;;;;;;;;;;;;56°33,9'N;008°17,9'E;456885;6269259
432;Livø Havn;0;-1;JV_LIVOE;;;apr 16, 2003 12:00:00 AM;;;JV_LIVOE1;;august 2019;Luftfoto Danmark ApS;JV_LIVOE2;;august 2019;Luftfoto Danmark ApS;JV_LIVOE3;;august 2019;Luftfoto Danmark ApS;;;;;;;;;;;;;;;;;;;;;56°53,2'N;009°05,9'E;506064;6304736
427;Hvide Sande Lystbådehavn;0;-1;JVTHVSND;;;apr 05, 2019 12:00:00 AM;;;JV_HVSNL1;;maj 1997;Jørgen Schou Reklamefotografi, Odense;;;;;;;;;;;;;;;;;;;;;;;;;;;;;56°00,5'N;008°08,0'E;446124;6207368
392;Aarø Havn;0;-1;LF_AAROE;;;maj 26, 2016 12:00:00 AM;;;LF_AAROE1;;juli 2001;Arne Magnussen, Helsingør;;;;;;;;;;;;;;;;;;;;;;;;;;;;;55°15,6'N;009°43,8'E;546389;6124004
393;Årøsund Havn;0;-1;LF_AROSU;;;dec 14, 2018 12:00:00 AM;;;LF_AROSU1;;juli 2003;Arne Magnussen, Helsingør;;;;;;;;;;;;;;;;;;;;;;;;;;;;;55°15,8'N;009°42,6'E;545301;6124195
317;Strynø Havn;0;-1;LF_STRYN;;;jan 10, 2020 12:00:00 AM;;;LF_STRYN1;;juli 2014;Arne Magnussen, Helsingør;;;;;;;;;;;;;;;;;;;;;;;;;;;;;54°54,2'N;010°37,7'E;604516;6085268
318;Stubbekøbing Havn;-1;-1;SMTSTUKB;;;nov 05, 2014 12:00:00 AM;;;SMTSTUKB1;;juli 2011;Arne Magnussen, Helsingør;;;;;;;;;;;;;;;;;;;;;;;;;;;;;54°53,5'N;012°02,8'E;695302;6087103
621;Kerteminde Havn;-1;-1;SKTKRTMI;;;mar 15, 2019 12:00:00 AM;;;SKTKRTMI1;Havnen set fra SW;juli 2011;Arne Magnussen, Helsingør;SK_KRTMI2;Marinaen set fra S;juli 2011;Arne Magnussen, Helsingør;SKTKRTMI3;Fiskerihavnen set fra N;juli 2011;Arne Magnussen, Helsingør;;;;;;;;;;;;;;;;;;;;;55°27,1'N;010°40,1'E;605395;6146191
428;Højer Havn;0;-1;;;;;;;JV_HOJER1;;maj 1997;Jørgen Schou Reklamefotografi, Odense;;;;;;;;;;;;;;;;;;;;;;;;;;;;;54°57,3'N;008°41,3'E;480069;6089873
429;Jegindø Havn;0;-1;JV_JGINO;;;maj 11, 2018 12:00:00 AM;;;JV_JGINO1;;august 2016;JW Luftfoto;;;;;;;;;;;;;;;;;;;;;;;;;;;;;56°39,1'N;008°38,2'E;477827;6278630
108;Haderslev Havn;-1;-1;LFTHADSL;;;nov 02, 2018 12:00:00 AM;;;LFTHADSL1;;juli 2005;Arne Magnussen, Helsingør;LFTHADSL2;;juli 2005;Arne Magnussen, Helsingør;;;;;;;;;;;;;;;;;;;;;;;;;55°14,9'N;009°30,0'E;532068;6122776
111;Halsskov Færgehavn;0;0;;;;;;;SM_HALSK1;;august 1999;Jørgen Schou Reklamefotografi, Odense;;;;;;;;;;;;;;;;;;;;;;;;;;;;;55°20,7'N;011°06,5'E;633682;6135288
49;Christiansminde Bro;0;-1;;;;;;;LF_CHRBR1;;juli 2011;Arne Magnussen, Helsingør;;;;;;;;;;;;;;;;;;;;;;;;;;;;;55°03,6'N;010°38,1'E;604429;6102576
31;Bjørnø Landingsbro;0;-1;LF_BJRNO;;;maj 26, 2016 12:00:00 AM;;;LF_BJRNO1;;juli 2001;Arne Magnussen, Helsingør;;;;;;;;;;;;;;;;;;;;;;;;;;;;;55°04,0'N;010°15,1'E;579940;6103043
33;Blans Havn;0;-1;SM_BLANS;;;okt 26, 2018 12:00:00 AM;;;SM_BLANS1;;juli 2012;Arne Magnussen, Helsingør;;;;;;;;;;;;;;;;;;;;;;;;;;;;;54°52,1'N;011°25,9'E;656074;6082887
739;Rødvig Havn;-1;-1;SUTRODVI;;;nov 10, 2010 12:00:00 AM;;;SUTRODVI1;;juli 2008;Arne Magnussen, Helsingør;SUTRODVI2;Fiskerihavnen;juli 2008;Arne Magnussen, Helsingør;SU_RODVI3;Lystbådehavnen;juli 2008;Arne Magnussen, Helsingør;;;;;;;;;;;;;;;;;;;;;55°15,2'N;012°22,4'E;714471;6128119
665;Skødshoved Bro Jollehavn;0;-1;SK_SKDHD;;;mar 20, 2020 12:00:00 AM;;;SK_SKDHD1;;juli 2016;JW Luftfoto;;;;;;;;;;;;;;;;;;;;;;;;;;;;;56°10,9'N;010°22,4'E;585254;6227094
203;Lyø Havn;0;-1;LF_LYOEX;;;jun 05, 2020 12:00:00 AM;;;LF_LYOEX1;;juli 2011;Arne Magnussen, Helsingør;;;;;;;;;;;;;;;;;;;;;;;;;;;;;55°03,1'N;010°09,5'E;573975;6101162
205;Løver Odde Anløbs- og Bådebro;0;-1;;;;;;;LF_LOVOD1;;maj 1997;Jørgen Schou Reklamefotografi, Odense;;;;;;;;;;;;;;;;;;;;;;;;;;;;;55°29,9'N;009°37,3'E;539271;6150490
192;Langø Havn;0;-1;SM_LANGO;;;jun 20, 2007 12:00:00 AM;;;SM_LANGO1;;juli 2012;Arne Magnussen, Helsingør;;;;;;;;;;;;;;;;;;;;;;;;;;;;;54°49,0'N;011°01,0'E;629554;6076347
105;Gulfhavn;-1;0;SMTGULFH;;;nov 15, 2019 12:00:00 AM;;;SMTGULFH1;;august 1999;Jørgen Schou Reklamefotografi, Odense;;;;;;;;;;;;;;;;;;;;;;;;;;;;;55°12,0'N;011°15,4'E;643584;6119271
104;Guldborg Lystbådehavn;0;-1;SM_GULBG;;;apr 16, 2003 12:00:00 AM;;;SM_GULBL1;;juli 2013;Arne Magnussen, Helsingør;;;;;;;;;;;;;;;;;;;;;;;;;;;;;54°52,2'N;011°44,8'E;676222;6083846
34;Boderne Havn;0;-1;BO_BODRN;;;mar 23, 2018 12:00:00 AM;;;BO_BODRN1;;august 2018;Luftfoto Danmark ApS;;;;;;;;;;;;;;;;;;;;;;;;;;;;;55°01,3'N;014°54,3'E;877288;6113229
37;Bogø Havn;0;-1;SM_BOGOE;;;jun 05, 2020 12:00:00 AM;;;SM_BOGOE1;Foto viser havnen efter udvidelsen.;juli 2012;Arne Magnussen, Helsingør;;;;;;;;;;;;;;;;;;;;;;;;;;;;;54°54,8'N;012°03,1'E;695583;6089274
27;Bandholm Havn;-1;-1;SMTBANHL;;;nov 01, 2019 12:00:00 AM;;;SMTBANHL1;;juli 2001;Arne Magnussen, Helsingør;SMTBANHL2;;juli 2001;Arne Magnussen, Helsingør;;;;;;;;;;;;;;;;;;;;;;;;;54°50,3'N;011°29,4'E;660028;6079650
362;Vemmenæs Anløbsbro;0;-1;LF_VEMNS;;;aug 18, 2017 12:00:00 AM;;;LF_VEMNB1;;juli 2005;Arne Magnussen, Helsingør;;;;;;;;;;;;;;;;;;;;;;;;;;;;;54°58,4'N;010°40,7'E;607414;6092938
694;Faxe Ladeplads Havn;-1;-1;SUTFAKSL;;;sep 21, 2018 12:00:00 AM;;;SUTFAKSL1;Industrihavn;juli 2000;Svend Møller Reklamefotografi, Odense;SUTFAKSL2;Fiskeri- og Lystbådehavn;juli 2000;Svend Møller Reklamefotografi, Odense;;;;;;;;;;;;;;;;;;;;;;;;;55°12,8'N;012°09,6'E;701245;6123164
196;Lindholm Veterinære Instituts Havn;0;0;;;;;;;SM_LINDH1;;august 2019;Luftfoto Danmark ApS;SM_LINDH2;;august 2019;Luftfoto Danmark ApS;;;;;;;;;;;;;;;;;;;;;;;;;55°00,3'N;012°13,3'E;706015;6100154
184;Korsør Lystbådehavn;0;-1;SMTKORSO;;;feb 08, 2019 12:00:00 AM;;;SM_KORSL1;;oktober 2001;Arne Magnussen, Helsingør;;;;;;;;;;;;;;;;;;;;;;;;;;;;;55°19,7'N;011°07,8'E;635084;6133407
100;Gråsten Sejlklubs Havn;0;-1;LF_GRSTS;;;sep 21, 2018 12:00:00 AM;;;LF_GRSTS1;;juli 2011;Arne Magnussen, Helsingør;;;;;;;;;;;;;;;;;;;;;;;;;;;;;54°54,7'N;009°36,1'E;538513;6085240
101;Nørresand Havn;-1;-1;BOTNORSA;;;jul 13, 2016 12:00:00 AM;;;BOTGUHJN1;;august 2018;Luftfoto Danmark ApS;;;;;;;;;;;;;;;;;;;;;;;;;;;;;55°12,9'N;014°58,0'E;879351;6134968
102;Gudhjem Havn;-1;-1;BOTGUHJS;;;mar 06, 2020 12:00:00 AM;;;BOTGUHJS1;;august 2018;Luftfoto Danmark ApS;BOTGUHJS2;;august 2018;Luftfoto Danmark ApS;;;;;;;;;;;;;;;;;;;;;;;;;55°12,8'N;014°58,3'E;879738;6134733
103;Guldborg Bro og Bådehavn;0;-1;SM_GULBG;;;mar 17, 2017 12:00:00 AM;;;SM_GULBG1;;juli 2013;Arne Magnussen, Helsingør;;;;;;;;;;;;;;;;;;;;;;;;;;;;;54°52,2'N;011°45,0'E;676456;6083802
29;Birkholm Havn;0;-1;LF_BIKHL;;;feb 23, 2018 12:00:00 AM;;;LF_BIKHL1;;maj 1997;Jørgen Schou Reklamefotografi, Odense;;;;;;;;;;;;;;;;;;;;;;;;;;;;;54°55,6'N;010°30,0'E;596079;6087707
30;Bisserup Havn;0;-1;SM_BISRP;;;nov 08, 2019 12:00:00 AM;;;SM_BISRP1;;juli 2001;Arne Magnussen, Helsingør;;;;;;;;;;;;;;;;;;;;;;;;;;;;;55°12,0'N;011°29,5'E;658533;6119815
21;Bakkerne Bådehavn;0;-1;;;;;;;BO_BAKBH1;;august 2018;Luftfoto Danmark ApS;;;;;;;;;;;;;;;;;;;;;;;;;;;;;55°00,0'N;014°59,4'E;882909;6111145
22;Balka Havn;0;-1;;;;;;;BO_BALKA1;;august 2018;Luftfoto Danmark ApS;;;;;;;;;;;;;;;;;;;;;;;;;;;;;55°02,4'N;015°06,7'E;890296;6116273
23;Balle Strand Bådehavn;0;-1;;;;;;;SM_BALBH1;;juli 2005;Arne Magnussen, Helsingør;;;;;;;;;;;;;;;;;;;;;;;;;;;;;55°02,0'N;012°08,6'E;700839;6103087
651;Nykøbing Sjælland Lystbådehavn;0;-1;SK_NYKBS;;;aug 24, 2018 12:00:00 AM;;;SK_NYKBS1;;september 2007;Arne Magnussen, Helsingør;SK_NYKBS2;;september 2007;Arne Magnussen, Helsingør;;;;;;;;;;;;;;;;;;;;;;;;;55°54,8'N;011°40,3'E;667052;6199690
185;Kragenæs Havn;0;-1;SM_KRGNS;;;jun 21, 2019 12:00:00 AM;;;SM_KRGNS1;;august 2016;JW Luftfoto;;;;;;;;;;;;;;;;;;;;;;;;;;;;;54°54,9'N;011°21,5'E;651295;6087989
186;Kramnitse Havn;0;-1;SM_KRMNS;;;jun 21, 2019 12:00:00 AM;;;SM_KRMNS1;;august 2015;JW Luftfoto;SM_KRMNS2;;august 2015;JW Luftfoto;;;;;;;;;;;;;;;;;;;;;;;;;54°42,4'N;011°15,0'E;644930;6064385
90;Gedser Lystbådehavn;0;-1;SM_GEDSL;;;sep 21, 2018 12:00:00 AM;;;SM_GEDSL1;;juli 2003;Arne Magnussen, Helsingør;;;;;;;;;;;;;;;;;;;;;;;;;;;;;54°34,8'N;011°55,3'E;688725;6052090
95;Gl. Kalvehave Havn;0;-1;;;;;;;SM_GLKLV1;;juli 2001;Arne Magnussen, Helsingør;;;;;;;;;;;;;;;;;;;;;;;;;;;;;54°59,7'N;012°08,2'E;700594;6098685
97;Grasten Bro;0;0;;;;;;;LF_GRABR1;;maj 1997;Jørgen Schou Reklamefotografi, Odense;;;;;;;;;;;;;;;;;;;;;;;;;;;;;55°01,9'N;010°40,1'E;606608;6099586
99;Gråsten Havn;-1;-1;LFTGRSTN;;;maj 16, 2012 12:00:00 AM;;;LFTGRSTN1;;juli 2010;Arne Magnussen, Helsingør;LF_GRSTN2;Fisknæs;juli 2010;Arne Magnussen, Helsingør;;;;;;;;;;;;;;;;;;;;;;;;;54°55,1'N;009°36,2'E;538531;6085849
25;Ballebro Jollehavn;0;-1;LF_BALBR;;;feb 23, 2018 12:00:00 AM;;;LF_BALBR1;;juli 2003;Arne Magnussen, Helsingør;;;;;;;;;;;;;;;;;;;;;;;;;;;;;55°00,0'N;009°40,3'E;542937;6094955
26;Ballen Lystbådehavn;0;-1;LF_BALNL;;;nov 02, 2018 12:00:00 AM;;;LF_BALNL1;;juli 2003;Arne Magnussen, Helsingør;;;;;;;;;;;;;;;;;;;;;;;;;;;;;55°02,5'N;010°28,4'E;594149;6100365
2;Agernæs Havn;0;-1;LF_AGRNS;;;maj 04, 2018 12:00:00 AM;;;LF_AGRNS1;;juli 2011;Arne Magnussen, Helsingør;;;;;;;;;;;;;;;;;;;;;;;;;;;;;55°12,0'N;009°59,2'E;562799;6117511
3;Agersø Havn;0;-1;SM_AGRSO;;;nov 17, 2017 12:00:00 AM;;;SM_AGRSO1;;maj 1997;Jørgen Schou Reklamefotografi, Odense;;;;;;;;;;;;;;;;;;;;;;;;;;;;;55°12,6'N;011°11,9'E;639877;6120488
753;Vallensbæk Havn;0;-1;SU_ISVAL;;;aug 23, 2019 12:00:00 AM;;;SU_VLNBK1;Havnen set fra S;august 2018;Luftfoto Danmark ApS;SU_VLNBK2;Havnen set fra E;august 2018;Luftfoto Danmark ApS;SU_VLNBK3;Havnen set fra NW;august 2018;Luftfoto Danmark ApS;;;;;;;;;;;;;;;;;;;;;55°36,7'N;012°23,8'E;713891;6168145
582;Bogense Havn og Marina;-1;-1;SKTBOGNS;;;mar 29, 2019 12:00:00 AM;;;SKTBOGNS1;;juli 2013;Arne Magnussen, Helsingør;;;;;;;;;;;;;;;;;;;;;;;;;;;;;55°34,0'N;010°04,7'E;567879;6158662
183;Korsør Havn;-1;0;SMTKORSO;;;sep 20, 2019 12:00:00 AM;;;SMTKORSO1;;august 1999;Jørgen Schou Reklamefotografi, Odense;SMTKORSO2;;august 1999;Jørgen Schou Reklamefotografi, Odense;;;;;;;;;;;;;;;;;;;;;;;;;55°20,0'N;011°07,7'E;635163;6134120
176;Kolding Lystbådehavn;0;-1;LFTKOLDG;;;apr 16, 2003 12:00:00 AM;;;LF_KOLDG3;Nordhavnen;juli 2003;Arne Magnussen, Helsingør;LF_KOLDG4;Sydhavnen;juli 2003;Arne Magnussen, Helsingør;;;;;;;;;;;;;;;;;;;;;;;;;55°29,7'N;009°30,0'E;531828;6149747
178;Kollund Mole;0;0;;;;;;;LF_KOLLM1;;juli 2006;Arne Magnussen, Helsingør;;;;;;;;;;;;;;;;;;;;;;;;;;;;;54°50,2'N;009°26,8'E;528616;6076764
182;Korshavn Bro;0;-1;;;;;;;LF_KRSBR1;;maj 1997;Jørgen Schou Reklamefotografi, Odense;;;;;;;;;;;;;;;;;;;;;;;;;;;;;55°00,8'N;010°18,9'E;584138;6097008
88;Gambøt Lystbådehavn;0;-1;LF_GAMBT;;;maj 26, 2016 12:00:00 AM;;;LF_GAMBT1;;juli 2005;Arne Magnussen, Helsingør;;;;;;;;;;;;;;;;;;;;;;;;;;;;;55°02,5'N;010°40,1'E;606613;6100675
7;Allinge Havn;-1;-1;BOTALNGE;;;maj 04, 2018 12:00:00 AM;;;BOTALNGE1;;august 2018;Luftfoto Danmark ApS;;;;;;;;;;;;;;;;;;;;;;;;;;;;;55°16,7'N;014°48,1'E;868404;6141140
11;Arnager Bådehavn;0;-1;BO_ARNAR;;;okt 07, 2015 12:00:00 AM;;;BO_ARNAR1;;august 2018;Luftfoto Danmark ApS;BO_ARNAR2;;august 2018;Luftfoto Danmark ApS;;;;;;;;;;;;;;;;;;;;;;;;;55°03,1'N;014°46,8'E;869096;6115748
12;Askø Havn;0;-1;SM_ASKOE;;;nov 17, 2017 12:00:00 AM;;;SM_ASKOE1;;juli 2014;Arne Magnussen, Helsingør;;;;;;;;;;;;;;;;;;;;;;;;;;;;;54°53,1'N;011°29,0'E;659265;6084747
832;Udbyhøj Lystbådehavn;0;-1;NK_UBHOJ;;;maj 01, 2020 12:00:00 AM;;;NK_UBHON1;;juli 2012;Arne Magnussen, Helsingør;;;;;;;;;;;;;;;;;;;;;;;;;;;;;56°36,6'N;010°18,4'E;580172;6274762
441;Nordjyllandsværkets Havn;-1;0;JVTNJYVK;;;aug 30, 2006 12:00:00 AM;;;JVTNJYVK1;;august 2019;Luftfoto Danmark ApS;JVTNJYVK2;;august 2019;Luftfoto Danmark ApS;;;;;;;;;;;;;;;;;;;;;;;;;57°04,3'N;010°02,3'E;562914;6325956
89;Gedser Havn;-1;0;SMTGEDSR;;;jul 05, 2019 12:00:00 AM;;;SMTGEDSR1;;juli 2005;Arne Magnussen, Helsingør;;;;;;;;;;;;;;;;;;;;;;;;;;;;;54°34,3'N;011°55,6'E;689178;6051082
84;Fynshav Bådehavn;0;-1;LF_FYNHV;;;sep 27, 2006 12:00:00 AM;;;LF_FYNHF1;;juli 2005;Arne Magnussen, Helsingør;;;;;;;;;;;;;;;;;;;;;;;;;;;;;54°59,5'N;009°59,2'E;563111;6094420
85;Fynshav Færgehavn;0;0;;;;;;;LF_FYNHF1;;juli 2005;Arne Magnussen, Helsingør;;;;;;;;;;;;;;;;;;;;;;;;;;;;;54°59,7'N;009°59,2'E;563094;6094664
86;Faaborg Havn;-1;-1;LFTFAABG;;;nov 11, 2015 12:00:00 AM;;;LFTFAABG1;;juli 2011;Arne Magnussen, Helsingør;LFTFAABG2;;juli 2011;Arne Magnussen, Helsingør;LF_FAABG3;Lystbådehavnen set fra SW;juli 2014;Arne Magnussen, Helsingør;;;;;;;;;;;;;;;;;;;;;55°05,6'N;010°14,3'E;578732;6105903
13;Assens Havn;-1;-1;LFTASSEN;;;jan 27, 2016 12:00:00 AM;;;LFTASSEN1;Havnen set fra NNW;juli 2013;Arne Magnussen, Helsingør;LFTASSEN2;Mellemhavn og Sydlige Havn;juli 2013;Arne Magnussen, Helsingør;LF_ASSEN2;Marina;juli 2013;Arne Magnussen, Helsingør;;;;;;;;;;;;;;;;;;;;;55°16,1'N;009°53,1'E;556322;6125275
16;Augustenborg Havn;0;-1;LF_AUGBG;;;feb 07, 2020 12:00:00 AM;;;LF_AUGBG1;;juli 2001;Arne Magnussen, Helsingør;;;;;;;;;;;;;;;;;;;;;;;;;;;;;54°56,6'N;009°52,2'E;555833;6088910
609;Holbæk Marina;0;-1;SK_HLBKM;;;dec 07, 2018 12:00:00 AM;;;SK_HLBKM1;;juli 2013;Arne Magnussen, Helsingør;;;;;;;;;;;;;;;;;;;;;;;;;;;;;55°43,4'N;011°45,6'E;673382;6178817
172;Klintholm Havn;-1;-1;SMTKLNHL;;;okt 15, 2014 12:00:00 AM;;;SMTKLNHL1;;august 2015;JW Luftfoto;;;;;;;;;;;;;;;;;;;;;;;;;;;;;54°57,2'N;012°27,9'E;721852;6094946
173;Knudshoved Færgehavn;0;0;;;;;;;LF_KNUHD1;;maj 1997;Jørgen Schou Reklamefotografi, Odense;;;;;;;;;;;;;;;;;;;;;;;;;;;;;55°17,7'N;010°50,8'E;617428;6129285
175;Kolding Havn;-1;0;LFTKOLDG;;;okt 20, 2017 12:00:00 AM;;;LFTKOLDG1;;juli 2003;Arne Magnussen, Helsingør;LFTKOLDG2;;juli 2003;Arne Magnussen, Helsingør;;;;;;;;;;;;;;;;;;;;;;;;;55°29,5'N;009°29,5'E;531019;6149639
17;Augustenborg Yachthavn;0;-1;LF_AUGBG;;;feb 07, 2020 12:00:00 AM;;;LF_AUGBY1;;juli 2001;Arne Magnussen, Helsingør;;;;;;;;;;;;;;;;;;;;;;;;;;;;;54°56,6'N;009°52,3'E;555833;6088789
19;Avernakø Bådehavn;0;-1;LF_AVNOB;;;okt 26, 2018 12:00:00 AM;;;LF_AVNOB1;;juli 2013;Arne Magnussen, Helsingør;;;;;;;;;;;;;;;;;;;;;;;;;;;;;55°02,4'N;010°15,1'E;580147;6099944
20;Bagenkop Havn;-1;-1;LFTBAGKP;;;dec 09, 2015 12:00:00 AM;;;LFTBAGKP1;;juli 2014;Arne Magnussen, Helsingør;;;;;;;;;;;;;;;;;;;;;;;;;;;;;54°45,1'N;010°40,4'E;607555;6068539
827;Skagen Havn;-1;-1;NKTSKAGN;ERTSKAGK;;apr 17, 2020 12:00:00 AM;aug 05, 2015 12:00:00 AM;;NKTSKAGN1;;juni 2016;JW Luftfoto;NKTSKAGN2;Mellembassin og Vestre Bassin i Vesthavn;august 2015;JW Luftfoto;NKTSKAGN3;;august 2015;JW Luftfoto;NKTSKAGN4;Krydstogtkaj;juni 2016;JW Luftfoto;;;;;;;;;;;;;;;;;57°43,1'N;010°35,3'E;594938;6398111
679;Østby Havn;0;0;SK_OSTBY;;;mar 09, 2005 12:00:00 AM;;;;;;;;;;;;;;;;;;;;;;;;;;;;;;;;;;;55°45,1'N;012°03,8'E;692240;6182654
675;Vejle Havn;-1;0;SKTVEJLE;;;jun 22, 2018 12:00:00 AM;;;SKTVEJLE1;Havnen og lystbådehavnen set fra E;august 2017;JW Luftfoto;SKTVEJLE2;Havnen set fra W;august 2017;JW Luftfoto;;;;;;;;;;;;;;;;;;;;;;;;;55°42,4'N;009°33,4'E;534641;6173452
676;Vejle Lystbådehavn;0;-1;SKTVEJLE;;;jun 22, 2018 12:00:00 AM;;;SK_VEJLE3;Lystbådehavnen set fra SE;august 2017;JW Luftfoto;;;;;;;;;;;;;;;;;;;;;;;;;;;;;55°42,4'N;009°33,5'E;535148;6173568
164;Karrebæksminde Havn;-1;-1;SMTKARBK;;;jul 27, 2016 12:00:00 AM;;;SMTKARBK1;Havnen set fra W;august 2016;JW Luftfoto;SMTKARBK2;Havnen set fra E;august 2016;JW Luftfoto;SMTKARBK3;E-lig bådehavn set fra E;august 2016;JW Luftfoto;;;;;;;;;;;;;;;;;;;;;55°10,7'N;011°39,3'E;668463;6117621
169;Kindvig Lystbådehavn;0;-1;;;;;;;SM_KINDL1;;august 2019;Luftfoto Danmark ApS;SM_KINDL2;;august 2019;Luftfoto Danmark ApS;SM_KINDL3;;august 2019;Luftfoto Danmark ApS;;;;;;;;;;;;;;;;;;;;;55°03,0'N;012°07,7'E;699780;6104920
69;Errindlev Havn;0;-1;;;;;;;SM_ERRIN1;;maj 1997;Jørgen Schou Reklamefotografi, Odense;;;;;;;;;;;;;;;;;;;;;;;;;;;;;54°38,8'N;011°33,0'E;664545;6058360
73;Faldsled Havn;0;-1;LF_FALSL;;;jun 15, 2018 12:00:00 AM;;;LF_FALSL1;;august 2009;Arne Magnussen, Helsingør;;;;;;;;;;;;;;;;;;;;;;;;;;;;;55°09,1'N;010°08,6'E;572779;6112365
76;Femø Havn;0;-1;SM_FEMOE;;;jul 20, 2018 12:00:00 AM;;;SM_FEMOE1;;juli 2003;Arne Magnussen, Helsingør;;;;;;;;;;;;;;;;;;;;;;;;;;;;;54°58,3'N;011°30,9'E;660888;6094576
77;Fjællebroen Havn;0;-1;LF_FJLBR;;;jul 13, 2018 12:00:00 AM;;;LF_FJLBR1;;maj 1997;Jørgen Schou Reklamefotografi, Odense;;;;;;;;;;;;;;;;;;;;;;;;;;;;;55°03,6'N;010°22,8'E;588152;6102264
159;Kalvehave Havn;0;-1;SM_KLVHA;;;jan 18, 2019 12:00:00 AM;;;SM_KLVHA1;;juli 2006;Arne Magnussen, Helsingør;;;;;;;;;;;;;;;;;;;;;;;;;;;;;54°59,7'N;012°10,0'E;702599;6098723
160;Kalvø Havn;0;-1;LF_KALVO;;;dec 21, 2018 12:00:00 AM;;;LF_KALVO1;;maj 1997;Jørgen Schou Reklamefotografi, Odense;;;;;;;;;;;;;;;;;;;;;;;;;;;;;55°07,3'N;009°28,0'E;529725;6108504
162;Kampeløkke Havn;0;-1;;;;;;;BO_KAMPE1;;august 2018;Luftfoto Danmark ApS;;;;;;;;;;;;;;;;;;;;;;;;;;;;;55°16,9'N;014°47,9'E;868078;6141399
474;Aalborg Havn;-1;-1;JVTAALHO;ERTAALBK;;maj 22, 2020 12:00:00 AM;jun 15, 2011 12:00:00 AM;;JVTAALBG1;Tunnelbassinet;september 2017;JW Luftfoto;JVTAALBG2;Østre Havn;september 2017;JW Luftfoto;JVTAALBG3;Aalborg Østhavn;september 2017;JW Luftfoto;JVTAALBG4;Bulkhavn;juli 2012;Arne Magnussen, Helsingør;JVTAALBG5;Færgeleje, færgen til Egholm;juli 2013;Arne Magnussen, Helsingør;JVTAALBG6;Honnørkaj og Havnebad;september 2017;JW Luftfoto;JVTAALBG7;Nordre Havn;september 2017;JW Luftfoto;;;;;57°03,1'N;009°56,4'E;556724;6323447
674;Veddelev Lystbådehavn;0;-1;SK_VDELV;;;mar 12, 2008 12:00:00 AM;;;SK_VDELV1;;august 2019;Luftfoto Danmark ApS;SK_VDELV2;;august 2019;Luftfoto Danmark ApS;SK_VDELV3;;august 2019;Luftfoto Danmark ApS;;;;;;;;;;;;;;;;;;;;;55°40,7'N;012°04,2'E;692971;6174619
670;Studstrupværkets Havn;-1;0;SKTSTUDV;;;okt 29, 2010 12:00:00 AM;;;SKTSTUDV1;;apr 2008;Modtaget fra Studstrupværket;;;;;;;;;;;;;;;;;;;;;;;;;;;;;56°15,0'N;010°21,0'E;583734;6234650
671;Sælvig Færgehavn;0;0;;;;;;;SK_SALVG1;;august 2019;Luftfoto Danmark ApS;SK_SALVG2;;august 2019;Luftfoto Danmark ApS;SK_SALVG3;;august 2019;Luftfoto Danmark ApS;;;;;;;;;;;;;;;;;;;;;55°51,9'N;010°32,9'E;596921;6192157
149;Høruphav Havn;0;-1;LF_HORPH;;;dec 21, 2018 12:00:00 AM;;;LF_HORPH1;;juli 2011;Arne Magnussen, Helsingør;;;;;;;;;;;;;;;;;;;;;;;;;;;;;54°54,4'N;009°53,4'E;557021;6084711
150;Hårbølle Havn;0;-1;SM_HRBOL;;;feb 01, 2019 12:00:00 AM;;;SM_HRBOL1;;august 2016;JW Luftfoto;;;;;;;;;;;;;;;;;;;;;;;;;;;;;54°53,4'N;012°08,0'E;700926;6087067
151;Hårbølle Hestehave Anlægsbro;0;0;;;;;;;SM_HRBHA1;;juli 2001;Arne Magnussen, Helsingør;;;;;;;;;;;;;;;;;;;;;;;;;;;;;54°52,9'N;012°08,5'E;701503;6086160
153;Jacobshavn;0;-1;;;;;;;SM_JACOB1;;august 2016;JW Luftfoto;;;;;;;;;;;;;;;;;;;;;;;;;;;;;55°11,9'N;011°44,8'E;674803;6120283
64;Egernsund Havn;0;-1;LF_EGNSU;;;mar 06, 2020 12:00:00 AM;;;KOBEGNSU1;;juli 2014;Arne Magnussen, Helsingør;;;;;;;;;;;;;;;;;;;;;;;;;;;;;54°54,5'N;009°36,0'E;538538;6084750
60;Dyvig Bro;0;-1;LF_DYVBR;;;apr 27, 2018 12:00:00 AM;;;LF_DYVIG1;;juli 2011;Arne Magnussen, Helsingør;LF_DYVBR1;;juli 2011;Arne Magnussen, Helsingør;;;;;;;;;;;;;;;;;;;;;;;;;55°02,7'N;009°42,3'E;545019;6099924
672;Sølager Færgeleje;0;0;;;;;;;SK_SOLAG1;;august 2019;Luftfoto Danmark ApS;SK_SOLAG2;;august 2019;Luftfoto Danmark ApS;SK_SOLAG3;;august 2019;Luftfoto Danmark ApS;;;;;;;;;;;;;;;;;;;;;55°56,6'N;011°54,2'E;681252;6203694
668;Stige Ø Lystbådehavn;0;-1;SK_STIGO;;;apr 16, 2003 12:00:00 AM;;;SK_STIGO1;Havnen set fra SW;august 2019;Luftfoto Danmark ApS;SK_STIGO2;Havnen set fra N;august 2019;Luftfoto Danmark ApS;SK_STIGO3;Havnen og kanalen set fra S;august 2019;Luftfoto Danmark ApS;;;;;;;;;;;;;;;;;;;;;55°26,4'N;010°25,4'E;590029;6144634
666;Snaptun Havn;0;-1;SK_SNPTU;;;aug 17, 2011 12:00:00 AM;;;SK_SNPTU1;;august 2009;Arne Magnussen, Helsingør;;;;;;;;;;;;;;;;;;;;;;;;;;;;;55°49,3'N;010°03,1'E;565963;6186813
664;Skuldelev Havn;0;-1;SK_SKLEV;;;okt 19, 2005 12:00:00 AM;;;SK_SKLEV1;;august 2019;Luftfoto Danmark ApS;SK_SKLEV2;;august 2019;Luftfoto Danmark ApS;;;;;;;;;;;;;;;;;;;;;;;;;55°47,7'N;012°03,5'E;691660;6187562
156;Jungshoved Kirkehavn;0;-1;SM_JUNHD;;;jun 16, 2017 12:00:00 AM;;;SM_JUNHD1;;august 2019;Luftfoto Danmark ApS;SM_JUNHD2;;august 2019;Luftfoto Danmark ApS;;;;;;;;;;;;;;;;;;;;;;;;;55°04,9'N;012°07,3'E;699223;6108284
120;Helligpeder Havn;0;-1;BO_HLIPD;;;jan 31, 2020 12:00:00 AM;;;BO_HLIPD1;;august 2018;Luftfoto Danmark ApS;;;;;;;;;;;;;;;;;;;;;;;;;;;;;55°12,7'N;014°42,4'E;862910;6133237
124;Hesnæs Havn;0;-1;SM_HSNAS;;;dec 14, 2018 12:00:00 AM;;;SM_HSNAS1;;maj 1997;Jørgen Schou Reklamefotografi, Odense;;;;;;;;;;;;;;;;;;;;;;;;;;;;;54°49,4'N;012°08,3'E;701603;6079606
125;Hestehoved Lystbådehavn ;0;-1;SM_HSHVD;;;jun 29, 2018 12:00:00 AM;;;SM_HSHVD1;;juli 2012;Arne Magnussen, Helsingør;;;;;;;;;;;;;;;;;;;;;;;;;;;;;54°49,9'N;011°05,6'E;634507;6078070
61;Dyvig Bådelaug Lystbådehavn;0;-1;LF_DYVBL;;;maj 18, 2018 12:00:00 AM;;;LF_DYVIG1;;juli 2011;Arne Magnussen, Helsingør;LF_DYVBL1;;juli 2011;Arne Magnussen, Helsingør;;;;;;;;;;;;;;;;;;;;;;;;;55°02,5'N;009°42,3'E;545024;6099709
56;Drejø Havn;0;-1;LF_DRJOE;;;sep 28, 2018 12:00:00 AM;;;LF_DRJOE1;;maj 1997;Jørgen Schou Reklamefotografi, Odense;;;;;;;;;;;;;;;;;;;;;;;;;;;;;54°57,9'N;010°26,2'E;591985;6091902
58;Dybvig Havn;0;-1;SM_DYBVG;;;jul 13, 2016 12:00:00 AM;;;SM_DYBVG1;;juli 2012;Arne Magnussen, Helsingør;;;;;;;;;;;;;;;;;;;;;;;;;;;;;54°56,7'N;011°26,1'E;656015;6091294
716;Københavns Havn;-1;-1;SUTOVKBH;;;mar 17, 2017 12:00:00 AM;;;SUTKBHXX1;Orientbassin, Kronløbsbassin og Nordbassin;juli 2012;Arne Magnussen, Helsingør;SUTKBHXX2;Oceankaj;august 2015;JW Luftfoto;SUTKBHXX3;Frihavnen med marina i Vestbassinet;juli 2006;Arne Magnussen, Helsingør;SUTKBHXX4;Inderhavnen;juli 2006;Arne Magnussen, Helsingør;SUTKBHXX5;Sydhavnen;juli 2012;Arne Magnussen, Helsingør;SUTKBHXX6;Prøvesten;juli 2006;Arne Magnussen, Helsingør;SUTKBHXX7;Lynetteløbet;juli 2006;Arne Magnussen, Helsingør;;;;;55°39,9'N;012°34,3'E;725900;6176049
170;Kindvig Havn;0;-1;SM_KNDVG;;;dec 21, 2018 12:00:00 AM;;;SM_KNDVG1;;august 2019;Luftfoto Danmark ApS;SM_KNDVG2;;august 2019;Luftfoto Danmark ApS;;;;;;;;;;;;;;;;;;;;;;;;;55°02,9'N;012°07,7'E;699897;6104592
669;Strib Bådehavn;0;-1;SK_STRIB;;;maj 15, 2020 12:00:00 AM;;;SK_STRIB1;Set fra NW;august 2018;Luftfoto Danmark ApS;SK_STRIB2;Set fra SW;august 2018;Luftfoto Danmark ApS;;;;;;;;;;;;;;;;;;;;;;;;;55°32,3'N;009°45,7'E;548048;6155077
667;Equinor Oliepier;-1;0;SKTKALBG;;;okt 25, 2019 12:00:00 AM;;;SKTEQUIO1;;august 2019;Luftfoto Danmark ApS;;;;;;;;;;;;;;;;;;;;;;;;;;;;;55°40,0'N;011°05,5'E;631573;6170957
129;Hjortø Havn;0;-1;LF_HJOTO;;;mar 06, 2020 12:00:00 AM;;;LF_HJOTO1;;maj 1997;Jørgen Schou Reklamefotografi, Odense;;;;;;;;;;;;;;;;;;;;;;;;;;;;;54°58,0'N;010°29,5'E;595493;6092115
115;Hasle Havn;-1;-1;BOTHASLE;;;dec 20, 2019 12:00:00 AM;;;BOTHASLE1;Havnen set fra N;august 2018;Luftfoto Danmark ApS;BOTHASLE2;N-lig havnebassin og Bassin IV;august 2018;Luftfoto Danmark ApS;BOTHASLE3;Bassin IV, III og II;august 2018;Luftfoto Danmark ApS;BOTHASLE4;Bassin III, II og I;august 2018;Luftfoto Danmark ApS;;;;;;;;;;;;;;;;;55°11,2'N;014°42,2'E;862746;6130544
118;Hejlsminde Lystbådehavn;0;-1;LF_HJLMI;;;dec 07, 2018 12:00:00 AM;;;LF_HJLMI1;;juli 2010;Arne Magnussen, Helsingør;;;;;;;;;;;;;;;;;;;;;;;;;;;;;55°21,7'N;009°36,1'E;538149;6135065
59;Dyreborg Havn;0;-1;LF_DYRBG;;;maj 26, 2016 12:00:00 AM;;;LF_DYRBG1;;maj 1997;Jørgen Schou Reklamefotografi, Odense;;;;;;;;;;;;;;;;;;;;;;;;;;;;;55°04,3'N;010°13,1'E;577759;6103441
50;Christiansø Havn;-1;-1;BOTCHRSO;;;sep 07, 2016 12:00:00 AM;;;BOTCHRSO1;Havnen set fra S;august 2018;Luftfoto Danmark ApS;BOTCHRSO2;Havnen set fra SW;august 2018;Luftfoto Danmark ApS;BOTCHRSO3;Havnen set fra NW;august 2018;Luftfoto Danmark ApS;;;;;;;;;;;;;;;;;;;;;55°19,2'N;015°11,2'E;892276;6147861
615;Sandbjerg Marina;0;-1;SK_JULSA;;;mar 13, 2013 12:00:00 AM;;;SK_SNDBJ1;;juli 2011;Arne Magnussen, Helsingør;;;;;;;;;;;;;;;;;;;;;;;;;;;;;55°43,1'N;010°00,6'E;563381;6175093
475;Aalborg Portland Havn;-1;0;JVTAALBP;;;jun 13, 2007 12:00:00 AM;;;JVTAALBP1;;juli 2012;Arne Magnussen, Helsingør;;;;;;;;;;;;;;;;;;;;;;;;;;;;;57°04,0'N;009°58,3'E;558917;6325178
842;Knebelbro Jolle- og Bådehavn;0;-1;;;;;;;SK_KNEBR1;;august 2004;Arne Magnussen, Helsingør;;;;;;;;;;;;;;;;;;;;;;;;;;;;;56°12,2'N;010°28,3'E;591331;6229799
579;Asnæsværkets Havn;-1;0;SKTASNVK;;;maj 10, 2019 12:00:00 AM;;;SKTASNVK1;;august 2019;Luftfoto Danmark ApS;SKTASNVK2;;august 2019;Luftfoto Danmark ApS;;;;;;;;;;;;;;;;;;;;;;;;;55°39,9'N;011°04,6'E;630613;6170801
255;Petersværft Bro;0;-1;;;;;;;SM_PETBR1;;august 2019;Luftfoto Danmark ApS;SM_PETBR2;;august 2019;Luftfoto Danmark ApS;;;;;;;;;;;;;;;;;;;;;;;;;54°58,2'N;012°04,6'E;696906;6095727
113;Hammer Havn;0;-1;BO_HAMRH;;;nov 11, 2015 12:00:00 AM;;;BO_HAMRH1;Foto viser havnen efter ombygning;juli 2012;Arne Magnussen, Helsingør;;;;;;;;;;;;;;;;;;;;;;;;;;;;;55°16,7'N;014°45,4'E;865445;6140807
114;Hardeshøj Færgebro;0;-1;LF_HRDHJ;;;nov 02, 2018 12:00:00 AM;;;LF_HRDHJ1;;juli 2001;Arne Magnussen, Helsingør;;;;;;;;;;;;;;;;;;;;;;;;;;;;;55°00,5'N;009°41,5'E;544277;6095903
107;Gåbense Lystbådehavn;0;-1;SM_GBENS;;;sep 21, 2018 12:00:00 AM;;;SM_GBENS1;;august 2019;Luftfoto Danmark ApS;SM_GBENS2;;august 2019;Luftfoto Danmark ApS;;;;;;;;;;;;;;;;;;;;;;;;;54°56,6'N;011°52,9'E;684545;6092297
51;Dageløkke Lystbådehavn;0;-1;LF_DGLKE;;;maj 26, 2016 12:00:00 AM;;;LF_DGLKE1;;juli 2001;Arne Magnussen, Helsingør;;;;;;;;;;;;;;;;;;;;;;;;;;;;;55°03,8'N;010°51,7'E;618883;6103370
55;Drejø Gl. Havn;0;-1;LF_DRJOG;;;sep 28, 2018 12:00:00 AM;;;LF_DRJOG1;;maj 1997;Jørgen Schou Reklamefotografi, Odense;;;;;;;;;;;;;;;;;;;;;;;;;;;;;54°58,5'N;010°25,2'E;590902;6092897
44;Bøjden Bro;0;-1;LF_BJDBR;;;okt 26, 2018 12:00:00 AM;;;LF_BJDBR1;;august 1999;Jørgen Schou Reklamefotografi, Odense;;;;;;;;;;;;;;;;;;;;;;;;;;;;;55°06,4'N;010°05,8'E;569917;6107212
45;Bøjden Færgehavn;0;0;;;;;;;LF_BJDFH1;;maj 1997;Jørgen Schou Reklamefotografi, Odense;;;;;;;;;;;;;;;;;;;;;;;;;;;;;55°06,3'N;010°04,9'E;568983;6107062
46;Bølshavn;0;-1;;;;;;;BO_BOELS1;;august 2018;Luftfoto Danmark ApS;;;;;;;;;;;;;;;;;;;;;;;;;;;;;55°09,3'N;015°04,6'E;886973;6128899
845;Sundby Mors Havn;0;-1;;;;;;;JV_SUNDM1;;juli 2013;Arne Magnussen, Helsingør;;;;;;;;;;;;;;;;;;;;;;;;;;;;;56°53,1'N;008°38,2'E;477819;6304567
844;Stigsnæs Olieterminal;-1;0;SMTSTGNV;;;aug 10, 2018 12:00:00 AM;;;SMTSTGNV1;;august 1999;Jørgen Schou Reklamefotografi, Odense;;;;;;;;;;;;;;;;;;;;;;;;;;;;;55°12,3'N;011°14,9'E;642837;6119875
455;Stauning Havn;0;-1;JV_STAUN;;;nov 11, 2015 12:00:00 AM;;;JV_STAUN1;;maj 1997;Jørgen Schou Reklamefotografi, Odense;;;;;;;;;;;;;;;;;;;;;;;;;;;;;55°57,2'N;008°22,2'E;460599;6201010
1101;Kalundborg Asnæs Havn;-1;0;SKTASNVK;;;maj 10, 2019 12:00:00 AM;;;SKTKALAS1;;august 2019;Luftfoto Danmark ApS;SKTKALAS2;;august 2019;Luftfoto Danmark ApS;SKTKALAS3;;august 2019;Luftfoto Danmark ApS;;;;;;;;;;;;;;;;;;;;;55°39,8'N;011°03,8'E;629765;6170681
847;Søndre Frihavn Lystbådehavn;0;-1;;;;;;;SUTKBHXX3;;juli 2006;Arne Magnussen, Helsingør;;;;;;;;;;;;;;;;;;;;;;;;;;;;;55°41,8'N;012°35,7'E;725978;6178256
848;Tambohus Naturhavn;0;-1;JV_TAMHS;;;feb 10, 2017 12:00:00 AM;;;JV_TAMHS1;;juli 2010;Arne Magnussen, Helsingør;;;;;;;;;;;;;;;;;;;;;;;;;;;;;56°38,2'N;008°35,6'E;475094;6277053
1121;Masnedsund Havn;0;-1;SMTVODBG;;;maj 10, 2019 12:00:00 AM;;;SM_MSNSH1;;august 2019;Luftfoto Danmark ApS;SM_MSNSH2;;august 2019;Luftfoto Danmark ApS;SM_MSNSH3;Set fra SE;august 2019;Luftfoto Danmark ApS;;;;;;;;;;;;;;;;;;;;;54°59,6'N;011°53,9'E;685404;6098035
1142;Skansen Havn;0;-1;SM_SKANH;;;sep 13, 2019 12:00:00 AM;;;;;;;;;;;;;;;;;;;;;;;;;;;;;;;;;;;54°56,1'N;11°59,6'E;691794;6091695
751;Tuborg Havn;0;-1;SUTTUBRG;;;jun 12, 2020 12:00:00 AM;;;SUTTUBRG1;;august 2015;JW Luftfoto;SUTTUBRG2;;august 2015;JW Luftfoto;;;;;;;;;;;;;;;;;;;;;;;;;55°43,6'N;012°35,2'E;725158;6181433
1025;Hobro Både- og Fiskerihavn;0;-1;NKTHOBRO;;;sep 08, 2017 12:00:00 AM;;;NK_HOBRF1;;september 2017;JW Luftfoto;;;;;;;;;;;;;;;;;;;;;;;;;;;;;56°38,3'N;009°48,4'E;549444;6277433
252;Orehoved Havn;-1;0;SMTOREHD;;;mar 20, 2020 12:00:00 AM;;;SMTOREHD1;;august 2019;Luftfoto Danmark ApS;SMTOREHD2;;august 2019;Luftfoto Danmark ApS;;;;;;;;;;;;;;;;;;;;;;;;;54°57,5'N;011°51,2'E;682760;6094072
400;Bork Havn;0;-1;JV_BORKX;;;jan 10, 2020 12:00:00 AM;;;JV_BORKX1;;september 2007;Arne Magnussen, Helsingør;;;;;;;;;;;;;;;;;;;;;;;;;;;;;55°51,0'N;008°16,7'E;454794;6189627
819;Hou Lystbådehavn;0;-1;NK_HOUXX;;;nov 22, 2019 12:00:00 AM;;;NK_HOUXX1;;juli 2000;Svend Møller Reklamefotografi, Odense;;;;;;;;;;;;;;;;;;;;;;;;;;;;;57°03,3'N;010°22,7'E;583835;6324506
749;Sundby Sejlforenings Havn;0;-1;SU_SUNBY;;;jul 28, 2004 12:00:00 AM;;;SU_SUNBY1;;august 2004;Arne Magnussen, Helsingør;;;;;;;;;;;;;;;;;;;;;;;;;;;;;55°39,9'N;012°38,0'E;728514;6174730
68;Ensted Havn;-1;0;LFTENSVK;;;maj 15, 2020 12:00:00 AM;;;LFTENSVK1;;august 1999;Jørgen Schou Reklamefotografi, Odense;LFTENSVK2;;august 1999;Jørgen Schou Reklamefotografi, Odense;;;;;;;;;;;;;;;;;;;;;;;;;55°01,5'N;009°26,5'E;528157;6097742
433;Løgstør Havn;-1;-1;JVTLOGST;;;jan 11, 2017 12:00:00 AM;;;JVTLOGST1;Kanalhavn og Vester Bådehavn;august 2016;JW Luftfoto;JVTLOGST2;Muslingehavn og Østkaj;august 2016;JW Luftfoto;;;;;;;;;;;;;;;;;;;;;;;;;56°58,1'N;009°14,7'E;515053;6313895
325;Svendborg Havn;-1;-1;LFTSVNBG;;;apr 06, 2016 12:00:00 AM;;;LFTSVNBG1;Havnen set fra SE;august 2018;Luftfoto Danmark ApS;LFTSVNBG2;Havnen set fra W;august 2018;Luftfoto Danmark ApS;LFTSVNBG3;Frederiksø og Østre Havn;august 2018;Luftfoto Danmark ApS;LFTSVNBG4;Østre Havn Jollehavn;august 2018;Luftfoto Danmark ApS;LFTSVNBG5;Nordre Havn;august 2018;Luftfoto Danmark ApS;LFTSVNBG6;Søndre Havn;august 2018;Luftfoto Danmark ApS;LFTSVNBG7;Træskibshavnen;august 2018;Luftfoto Danmark ApS;;;;;55°03,4'N;010°36,9'E;603249;6102737
